Date,GuestCount
2021-08-01,119
2021-08-02,58
2021-08-03,52
2021-08-04,51
2021-08-05,79
2021-08-06,55
2021-08-07,135
2021-08-08,89
2021-08-09,42
2021-08-10,105
2021-08-11,101
2021-08-12,49
2021-08-13,12
2021-08-14,67
2021-08-15,76
2021-08-16,19
2021-08-17,47
2021-08-18,21
2021-08-19,68
2021-08-20,46
2021-08-21,90
2021-08-22,223
2021-08-23,68
2021-08-24,49
2021-08-25,45
2021-08-26,20
2021-08-27,65
2021-08-28,151
2021-08-29,153
2021-08-30,73
2021-08-31,61
2021-09-01,88
2021-09-02,40
2021-09-03,63
2021-09-04,96
2021-09-05,167
2021-09-06,62
2021-09-07,43
2021-09-08,28
2021-09-09,85
2021-09-10,49
2021-09-11,141
2021-09-12,161
2021-09-13,61
2021-09-14,44
2021-09-15,89
2021-09-16,26
2021-09-17,49
2021-09-18,105
2021-09-19,82
2021-09-20,169
2021-09-21,64
2021-09-22,84
2021-09-23,64
2021-09-24,66
2021-09-25,87
2021-09-26,89
2021-09-27,84
2021-09-28,64
2021-09-29,69
2021-09-30,34
2021-10-01,10
2021-10-02,119
2021-10-03,104
2021-10-04,19
2021-10-05,78
2021-10-06,36
2021-10-07,55
2021-10-08,10
2021-10-09,59
2021-10-10,75
2021-10-11,10
2021-10-12,40
2021-10-13,10
2021-10-14,14
2021-10-15,10
2021-10-16,44
2021-10-17,59
2021-10-18,28
2021-10-19,135
2021-10-20,167
2021-10-21,70
2021-10-22,14
2021-10-23,97
2021-10-24,60
2021-10-25,50
2021-10-26,15
2021-10-27,80
2021-10-28,60
2021-10-29,76
2021-10-30,88
2021-10-31,112
2021-11-01,82
2021-11-02,27
2021-11-03,24
2021-11-04,85
2021-11-05,32
2021-11-06,148
2021-11-07,56
2021-11-08,10
2021-11-09,58
2021-11-10,10
2021-11-11,29
2021-11-12,10
2021-11-13,93
2021-11-14,84
2021-11-15,10
2021-11-16,10
2021-11-17,42
2021-11-18,112
2021-11-19,44
2021-11-20,132
2021-11-21,85
2021-11-22,48
2021-11-23,42
2021-11-24,59
2021-11-25,38
2021-11-26,91
2021-11-27,64
2021-11-28,162
2021-11-29,25
2021-11-30,15
2021-12-01,68
2021-12-02,57
2021-12-03,14
2021-12-04,147
2021-12-05,66
2021-12-06,62
2021-12-07,34
2021-12-08,61
2021-12-09,39
2021-12-10,104
2021-12-11,144
2021-12-12,137
2021-12-13,19
2021-12-14,45
2021-12-15,59
2021-12-16,103
2021-12-17,29
2021-12-18,168
2021-12-19,104
2021-12-20,58
2021-12-21,28
2021-12-22,21
2021-12-23,66
2021-12-24,49
2021-12-25,250
2021-12-26,154
2021-12-27,53
2021-12-28,98
2021-12-29,29
2021-12-30,32
2021-12-31,10
2022-01-01,83
2022-01-02,137
2022-01-03,79
2022-01-04,62
2022-01-05,28
2022-01-06,67
2022-01-07,19
2022-01-08,101
2022-01-09,170
2022-01-10,56
2022-01-11,63
2022-01-12,78
2022-01-13,80
2022-01-14,150
2022-01-15,90
2022-01-16,100
2022-01-17,159
2022-01-18,28
2022-01-19,55
2022-01-20,76
2022-01-21,62
2022-01-22,144
2022-01-23,133
2022-01-24,65
2022-01-25,81
2022-01-26,74
2022-01-27,49
2022-01-28,41
2022-01-29,125
2022-01-30,142
2022-01-31,61
2022-02-01,62
2022-02-02,34
2022-02-03,54
2022-02-04,148
2022-02-05,108
2022-02-06,164
2022-02-07,78
2022-02-08,41
2022-02-09,79
2022-02-10,37
2022-02-11,64
2022-02-12,146
2022-02-13,152
2022-02-14,96
2022-02-15,66
2022-02-16,53
2022-02-17,72
2022-02-18,10
2022-02-19,96
2022-02-20,114
2022-02-21,65
2022-02-22,71
2022-02-23,67
2022-02-24,27
2022-02-25,40
2022-02-26,136
2022-02-27,149
2022-02-28,55
2022-03-01,172
2022-03-02,35
2022-03-03,92
2022-03-04,65
2022-03-05,183
2022-03-06,122
2022-03-07,65
2022-03-08,27
2022-03-09,32
2022-03-10,46
2022-03-11,72
2022-03-12,151
2022-03-13,133
2022-03-14,10
2022-03-15,54
2022-03-16,83
2022-03-17,118
2022-03-18,96
2022-03-19,148
2022-03-20,93
2022-03-21,61
2022-03-22,14
2022-03-23,39
2022-03-24,95
2022-03-25,46
2022-03-26,106
2022-03-27,166
2022-03-28,91
2022-03-29,70
2022-03-30,61
2022-03-31,24
2022-04-01,26
2022-04-02,135
2022-04-03,155
2022-04-04,83
2022-04-05,10
2022-04-06,25
2022-04-07,34
2022-04-08,10
2022-04-09,121
2022-04-10,137
2022-04-11,158
2022-04-12,162
2022-04-13,116
2022-04-14,157
2022-04-15,164
2022-04-16,223
2022-04-17,106
2022-04-18,52
2022-04-19,60
2022-04-20,32
2022-04-21,57
2022-04-22,59
2022-04-23,90
2022-04-24,77
2022-04-25,10
2022-04-26,32
2022-04-27,33
2022-04-28,67
2022-04-29,45
2022-04-30,74
2022-05-01,218
2022-05-02,106
2022-05-03,136
2022-05-04,49
2022-05-05,53
2022-05-06,24
2022-05-07,10
2022-05-08,110
2022-05-09,10
2022-05-10,34
2022-05-11,10
2022-05-12,49
2022-05-13,40
2022-05-14,172
2022-05-15,145
2022-05-16,140
2022-05-17,60
2022-05-18,10
2022-05-19,27
2022-05-20,37
2022-05-21,124
2022-05-22,61
2022-05-23,42
2022-05-24,78
2022-05-25,70
2022-05-26,77
2022-05-27,35
2022-05-28,157
2022-05-29,166
2022-05-30,74
2022-05-31,28
2022-06-01,60
2022-06-02,76
2022-06-03,10
2022-06-04,80
2022-06-05,46
2022-06-06,10
2022-06-07,29
2022-06-08,38
2022-06-09,30
2022-06-10,10
2022-06-11,67
2022-06-12,110
2022-06-13,50
2022-06-14,104
2022-06-15,10
2022-06-16,51
2022-06-17,36
2022-06-18,127
2022-06-19,99
2022-06-20,65
2022-06-21,40
2022-06-22,21
2022-06-23,30
2022-06-24,15
2022-06-25,74
2022-06-26,67
2022-06-27,47
2022-06-28,52
2022-06-29,60
2022-06-30,50
2022-07-01,44
2022-07-02,147
2022-07-03,37
2022-07-04,74
2022-07-05,13
2022-07-06,66
2022-07-07,40
2022-07-08,78
2022-07-09,61
2022-07-10,150
2022-07-11,22
2022-07-12,10
2022-07-13,143
2022-07-14,13
2022-07-15,71
2022-07-16,148
2022-07-17,137
2022-07-18,38
2022-07-19,32
2022-07-20,10
2022-07-21,31
2022-07-22,55
2022-07-23,75
2022-07-24,99
2022-07-25,57
2022-07-26,13
2022-07-27,43
2022-07-28,35
2022-07-29,42
2022-07-30,103
2022-07-31,111
2022-08-01,75
2022-08-02,43
2022-08-03,89
2022-08-04,96
2022-08-05,10
2022-08-06,82
2022-08-07,69
2022-08-08,76
2022-08-09,34
2022-08-10,69
2022-08-11,101
2022-08-12,87
2022-08-13,96
2022-08-14,124
2022-08-15,50
2022-08-16,39
2022-08-17,23
2022-08-18,62
2022-08-19,54
2022-08-20,162
2022-08-21,135
2022-08-22,15
2022-08-23,51
2022-08-24,56
2022-08-25,64
2022-08-26,84
2022-08-27,97
2022-08-28,128
2022-08-29,16
2022-08-30,17
2022-08-31,20
2022-09-01,37
2022-09-02,95
2022-09-03,106
2022-09-04,73
2022-09-05,17
2022-09-06,10
2022-09-07,35
2022-09-08,52
2022-09-09,90
2022-09-10,191
2022-09-11,119
2022-09-12,41
2022-09-13,30
2022-09-14,64
2022-09-15,53
2022-09-16,79
2022-09-17,102
2022-09-18,124
2022-09-19,45
2022-09-20,85
2022-09-21,27
2022-09-22,96
2022-09-23,77
2022-09-24,168
2022-09-25,112
2022-09-26,58
2022-09-27,10
2022-09-28,11
2022-09-29,87
2022-09-30,29
2022-10-01,145
2022-10-02,77
2022-10-03,14
2022-10-04,26
2022-10-05,62
2022-10-06,10
2022-10-07,60
2022-10-08,127
2022-10-09,195
2022-10-10,14
2022-10-11,39
2022-10-12,43
2022-10-13,76
2022-10-14,37
2022-10-15,72
2022-10-16,118
2022-10-17,62
2022-10-18,18
2022-10-19,26
2022-10-20,40
2022-10-21,10
2022-10-22,114
2022-10-23,167
2022-10-24,28
2022-10-25,10
2022-10-26,37
2022-10-27,13
2022-10-28,73
2022-10-29,173
2022-10-30,46
2022-10-31,16
2022-11-01,49
2022-11-02,27
2022-11-03,10
2022-11-04,14
2022-11-05,88
2022-11-06,143
2022-11-07,118
2022-11-08,106
2022-11-09,40
2022-11-10,39
2022-11-11,25
2022-11-12,148
2022-11-13,57
2022-11-14,46
2022-11-15,83
2022-11-16,82
2022-11-17,55
2022-11-18,31
2022-11-19,89
2022-11-20,59
2022-11-21,13
2022-11-22,10
2022-11-23,11
2022-11-24,52
2022-11-25,19
2022-11-26,112
2022-11-27,81
2022-11-28,59
2022-11-29,21
2022-11-30,75
2022-12-01,70
2022-12-02,49
2022-12-03,130
2022-12-04,142
2022-12-05,54
2022-12-06,10
2022-12-07,169
2022-12-08,85
2022-12-09,61
2022-12-10,85
2022-12-11,99
2022-12-12,26
2022-12-13,61
2022-12-14,12
2022-12-15,76
2022-12-16,44
2022-12-17,113
2022-12-18,123
2022-12-19,38
2022-12-20,65
2022-12-21,54
2022-12-22,81
2022-12-23,61
2022-12-24,154
2022-12-25,220
2022-12-26,85
2022-12-27,25
2022-12-28,20
2022-12-29,61
2022-12-30,32
2022-12-31,133
2023-01-01,166
2023-01-02,49
2023-01-03,14
2023-01-04,48
2023-01-05,10
2023-01-06,110
2023-01-07,131
2023-01-08,57
2023-01-09,89
2023-01-10,73
2023-01-11,60
2023-01-12,76
2023-01-13,26
2023-01-14,124
2023-01-15,164
2023-01-16,59
2023-01-17,78
2023-01-18,19
2023-01-19,60
2023-01-20,82
2023-01-21,123
2023-01-22,140
2023-01-23,87
2023-01-24,47
2023-01-25,92
2023-01-26,67
2023-01-27,46
2023-01-28,126
2023-01-29,112
2023-01-30,47
2023-01-31,26
2023-02-01,56
2023-02-02,23
2023-02-03,31
2023-02-04,196
2023-02-05,235
2023-02-06,82
2023-02-07,24
2023-02-08,59
2023-02-09,44
2023-02-10,42
2023-02-11,127
2023-02-12,117
2023-02-13,10
2023-02-14,38
2023-02-15,66
2023-02-16,88
2023-02-17,23
2023-02-18,174
2023-02-19,78
2023-02-20,65
2023-02-21,55
2023-02-22,51
2023-02-23,68
2023-02-24,23
2023-02-25,148
2023-02-26,130
2023-02-27,57
2023-02-28,61
2023-03-01,28
2023-03-02,69
2023-03-03,51
2023-03-04,98
2023-03-05,109
2023-03-06,84
2023-03-07,36
2023-03-08,54
2023-03-09,37
2023-03-10,44
2023-03-11,113
2023-03-12,132
2023-03-13,35
2023-03-14,60
2023-03-15,41
2023-03-16,18
2023-03-17,55
2023-03-18,112
2023-03-19,113
2023-03-20,87
2023-03-21,58
2023-03-22,78
2023-03-23,71
2023-03-24,37
2023-03-25,109
2023-03-26,101
2023-03-27,71
2023-03-28,89
2023-03-29,47
2023-03-30,25
2023-03-31,23
2023-04-01,123
2023-04-02,128
2023-04-03,39
2023-04-04,60
2023-04-05,94
2023-04-06,76
2023-04-07,157
2023-04-08,163
2023-04-09,134
2023-04-10,70
2023-04-11,17
2023-04-12,82
2023-04-13,138
2023-04-14,180
2023-04-15,150
2023-04-16,131
2023-04-17,26
2023-04-18,35
2023-04-19,10
2023-04-20,33
2023-04-21,60
2023-04-22,170
2023-04-23,111
2023-04-24,88
2023-04-25,55
2023-04-26,58
2023-04-27,38
2023-04-28,37
2023-04-29,153
2023-04-30,119
2023-05-01,159
2023-05-02,73
2023-05-03,10
2023-05-04,63
2023-05-05,153
2023-05-06,190
2023-05-07,77
2023-05-08,68
2023-05-09,25
2023-05-10,52
2023-05-11,84
2023-05-12,15
2023-05-13,105
2023-05-14,46
2023-05-15,58
2023-05-16,10
2023-05-17,61
2023-05-18,52
2023-05-19,38
2023-05-20,100
2023-05-21,78
2023-05-22,10
2023-05-23,78
2023-05-24,67
2023-05-25,65
2023-05-26,52
2023-05-27,91
2023-05-28,102
2023-05-29,18
2023-05-30,14
2023-05-31,38
2023-06-01,71
2023-06-02,66
2023-06-03,205
2023-06-04,82
2023-06-05,17
2023-06-06,58
2023-06-07,55
2023-06-08,42
2023-06-09,10
2023-06-10,158
2023-06-11,67
2023-06-12,60
2023-06-13,65
2023-06-14,47
2023-06-15,70
2023-06-16,47
2023-06-17,81
2023-06-18,89
2023-06-19,41
2023-06-20,29
2023-06-21,70
2023-06-22,58
2023-06-23,10
2023-06-24,89
2023-06-25,83
2023-06-26,67
2023-06-27,39
2023-06-28,10
2023-06-29,110
2023-06-30,10
2023-07-01,26
2023-07-02,45
2023-07-03,96
2023-07-04,10
2023-07-05,14
2023-07-06,31
2023-07-07,10
2023-07-08,84
2023-07-09,144
2023-07-10,91
2023-07-11,52
2023-07-12,29
2023-07-13,73
2023-07-14,31
2023-07-15,86
2023-07-16,158
2023-07-17,10
2023-07-18,19
2023-07-19,21
2023-07-20,39
2023-07-21,28
2023-07-22,61
2023-07-23,136
2023-07-24,31
2023-07-25,38
2023-07-26,22
2023-07-27,76
2023-07-28,34
2023-07-29,132
2023-07-30,83
2023-07-31,15
2023-08-01,123
2023-08-02,41
2023-08-03,57
2023-08-04,42
2023-08-05,160
2023-08-06,116
2023-08-07,10
2023-08-08,56
2023-08-09,85
2023-08-10,41
2023-08-11,48
2023-08-12,174
2023-08-13,134
2023-08-14,10
2023-08-15,72
2023-08-16,25
2023-08-17,35
2023-08-18,76
2023-08-19,133
2023-08-20,88
2023-08-21,39
2023-08-22,10
2023-08-23,25
2023-08-24,78
2023-08-25,52
2023-08-26,103
2023-08-27,136
2023-08-28,40
2023-08-29,58
2023-08-30,156
2023-08-31,16
2023-09-01,66
2023-09-02,135
2023-09-03,136
2023-09-04,10
2023-09-05,25
2023-09-06,74
2023-09-07,51
2023-09-08,38
2023-09-09,121
2023-09-10,136
2023-09-11,85
2023-09-12,42
2023-09-13,32
2023-09-14,51
2023-09-15,45
2023-09-16,74
2023-09-17,148
2023-09-18,10
2023-09-19,94
2023-09-20,58
2023-09-21,59
2023-09-22,76
2023-09-23,123
2023-09-24,175
2023-09-25,10
2023-09-26,38
2023-09-27,81
2023-09-28,128
2023-09-29,170
2023-09-30,186
2023-10-01,66
2023-10-02,10
2023-10-03,68
2023-10-04,28
2023-10-05,35
2023-10-06,31
2023-10-07,110
2023-10-08,87
2023-10-09,78
2023-10-10,37
2023-10-11,90
2023-10-12,10
2023-10-13,31
2023-10-14,137
2023-10-15,63
2023-10-16,10
2023-10-17,35
2023-10-18,52
2023-10-19,21
2023-10-20,20
2023-10-21,48
2023-10-22,57
2023-10-23,76
2023-10-24,10
2023-10-25,18
2023-10-26,10
2023-10-27,34
2023-10-28,165
2023-10-29,112
2023-10-30,81
2023-10-31,22
2023-11-01,36
2023-11-02,53
2023-11-03,10
2023-11-04,78
2023-11-05,169
2023-11-06,95
2023-11-07,66
2023-11-08,51
2023-11-09,59
2023-11-10,10
2023-11-11,34
2023-11-12,196
2023-11-13,59
2023-11-14,81
2023-11-15,10
2023-11-16,10
2023-11-17,38
2023-11-18,156
2023-11-19,108
2023-11-20,10
2023-11-21,10
2023-11-22,47
2023-11-23,20
2023-11-24,27
2023-11-25,107
2023-11-26,202
2023-11-27,91
2023-11-28,42
2023-11-29,80
2023-11-30,19
2023-12-01,52
2023-12-02,134
2023-12-03,145
2023-12-04,66
2023-12-05,91
2023-12-06,58
2023-12-07,15
2023-12-08,64
2023-12-09,139
2023-12-10,130
2023-12-11,59
2023-12-12,53
2023-12-13,29
2023-12-14,98
2023-12-15,66
2023-12-16,143
2023-12-17,168
2023-12-18,57
2023-12-19,73
2023-12-20,68
2023-12-21,63
2023-12-22,66
2023-12-23,119
2023-12-24,84
2023-12-25,123
2023-12-26,148
2023-12-27,18
2023-12-28,71
2023-12-29,61
2023-12-30,90
2023-12-31,74
2024-01-01,31
2024-01-02,71
2024-01-03,31
2024-01-04,25
2024-01-05,62
2024-01-06,140
2024-01-07,65
2024-01-08,71
2024-01-09,80
2024-01-10,33
2024-01-11,42
2024-01-12,24
2024-01-13,138
2024-01-14,134
2024-01-15,85
2024-01-16,16
2024-01-17,40
2024-01-18,39
2024-01-19,27
2024-01-20,116
2024-01-21,161
2024-01-22,71
2024-01-23,14
2024-01-24,61
2024-01-25,164
2024-01-26,10
2024-01-27,124
2024-01-28,85
2024-01-29,27
2024-01-30,84
2024-01-31,61
2024-02-01,68
2024-02-02,63
2024-02-03,149
2024-02-04,243
2024-02-05,62
2024-02-06,61
2024-02-07,66
2024-02-08,26
2024-02-09,57
2024-02-10,122
2024-02-11,76
2024-02-12,78
2024-02-13,45
2024-02-14,64
2024-02-15,58
2024-02-16,28
2024-02-17,123
2024-02-18,97
2024-02-19,85
2024-02-20,88
2024-02-21,32
2024-02-22,52
2024-02-23,165
2024-02-24,43
2024-02-25,113
2024-02-26,36
2024-02-27,33
2024-02-28,64
2024-02-29,52
2024-03-01,75
2024-03-02,103
2024-03-03,116
2024-03-04,38
2024-03-05,49
2024-03-06,70
2024-03-07,10
2024-03-08,139
2024-03-09,132
2024-03-10,84
2024-03-11,57
2024-03-12,79
2024-03-13,74
2024-03-14,45
2024-03-15,37
2024-03-16,117
2024-03-17,100
2024-03-18,58
2024-03-19,30
2024-03-20,60
2024-03-21,16
2024-03-22,65
2024-03-23,57
2024-03-24,213
2024-03-25,79
2024-03-26,10
2024-03-27,70
2024-03-28,54
2024-03-29,203
2024-03-30,127
2024-03-31,93
2024-04-01,26
2024-04-02,61
2024-04-03,34
2024-04-04,95
2024-04-05,71
2024-04-06,103
2024-04-07,139
2024-04-08,53
2024-04-09,83
2024-04-10,80
2024-04-11,118
2024-04-12,144
2024-04-13,213
2024-04-14,146
2024-04-15,169
2024-04-16,71
2024-04-17,63
2024-04-18,69
2024-04-19,96
2024-04-20,67
2024-04-21,139
2024-04-22,85
2024-04-23,126
2024-04-24,47
2024-04-25,67
2024-04-26,48
2024-04-27,107
2024-04-28,130
2024-04-29,29
2024-04-30,10
2024-05-01,92
2024-05-02,10
2024-05-03,41
2024-05-04,60
2024-05-05,81
2024-05-06,10
2024-05-07,52
2024-05-08,34
2024-05-09,40
2024-05-10,10
2024-05-11,123
2024-05-12,77
2024-05-13,31
2024-05-14,54
2024-05-15,73
2024-05-16,70
2024-05-17,19
2024-05-18,87
2024-05-19,102
2024-05-20,17
2024-05-21,28
2024-05-22,10
2024-05-23,89
2024-05-24,129
2024-05-25,166
2024-05-26,102
2024-05-27,51
2024-05-28,22
2024-05-29,90
2024-05-30,59
2024-05-31,30
2024-06-01,126
2024-06-02,143
2024-06-03,29
2024-06-04,40
2024-06-05,36
2024-06-06,19
2024-06-07,10
2024-06-08,91
2024-06-09,91
2024-06-10,21
2024-06-11,10
2024-06-12,17
2024-06-13,104
2024-06-14,29
2024-06-15,64
2024-06-16,180
2024-06-17,41
2024-06-18,29
2024-06-19,10
2024-06-20,10
2024-06-21,184
2024-06-22,98
2024-06-23,98
2024-06-24,63
2024-06-25,39
2024-06-26,36
2024-06-27,102
2024-06-28,40
2024-06-29,123
2024-06-30,89
2024-07-01,10
2024-07-02,10
2024-07-03,14
2024-07-04,10
2024-07-05,49
2024-07-06,61
2024-07-07,75
2024-07-08,10
2024-07-09,10
2024-07-10,22
2024-07-11,32
2024-07-12,10
2024-07-13,138
2024-07-14,115
2024-07-15,51
2024-07-16,54
2024-07-17,49
2024-07-18,55
2024-07-19,17
2024-07-20,202
2024-07-21,97
2024-07-22,45
2024-07-23,51
2024-07-24,10
2024-07-25,32
2024-07-26,71
2024-07-27,150
2024-07-28,50
2024-07-29,78
2024-07-30,46
2024-07-31,40
2024-08-01,57
2024-08-02,13
2024-08-03,126
2024-08-04,98
2024-08-05,50
2024-08-06,63
2024-08-07,29
2024-08-08,40
2024-08-09,38
2024-08-10,59
2024-08-11,69
2024-08-12,10
2024-08-13,45
2024-08-14,59
2024-08-15,12
2024-08-16,97
2024-08-17,114
2024-08-18,129
2024-08-19,159
2024-08-20,89
2024-08-21,83
2024-08-22,34
2024-08-23,48
2024-08-24,162
2024-08-25,131
2024-08-26,52
2024-08-27,68
2024-08-28,41
2024-08-29,54
2024-08-30,78
2024-08-31,113
2024-09-01,150
2024-09-02,46
2024-09-03,74
2024-09-04,50
2024-09-05,68
2024-09-06,63
2024-09-07,153
2024-09-08,85
2024-09-09,80
2024-09-10,61
2024-09-11,81
2024-09-12,36
2024-09-13,39
2024-09-14,106
2024-09-15,41
2024-09-16,147
2024-09-17,141
2024-09-18,49
2024-09-19,63
2024-09-20,59
2024-09-21,169
2024-09-22,132
2024-09-23,28
2024-09-24,21
2024-09-25,35
2024-09-26,43
2024-09-27,28
2024-09-28,41
2024-09-29,199
2024-09-30,69
2024-10-01,10
2024-10-02,10
2024-10-03,57
2024-10-04,45
2024-10-05,85
2024-10-06,132
2024-10-07,19
2024-10-08,38
2024-10-09,29
2024-10-10,24
2024-10-11,35
2024-10-12,104
2024-10-13,104
2024-10-14,36
2024-10-15,68
2024-10-16,10
2024-10-17,135
2024-10-18,17
2024-10-19,113
2024-10-20,69
2024-10-21,58
2024-10-22,33
2024-10-23,44
2024-10-24,74
2024-10-25,10
2024-10-26,103
2024-10-27,84
2024-10-28,50
2024-10-29,61
2024-10-30,10
2024-10-31,116
2024-11-01,25
2024-11-02,77
2024-11-03,162
2024-11-04,29
2024-11-05,70
2024-11-06,15
2024-11-07,95
2024-11-08,56
2024-11-09,84
2024-11-10,36
2024-11-11,49
2024-11-12,10
2024-11-13,18
2024-11-14,59
2024-11-15,124
2024-11-16,98
2024-11-17,64
2024-11-18,96
2024-11-19,64
2024-11-20,10
2024-11-21,57
2024-11-22,79
2024-11-23,40
2024-11-24,83
2024-11-25,17
2024-11-26,29
2024-11-27,84
2024-11-28,10
2024-11-29,51
2024-11-30,84
2024-12-01,122
2024-12-02,39
2024-12-03,37
2024-12-04,62
2024-12-05,76
2024-12-06,37
2024-12-07,134
2024-12-08,66
2024-12-09,75
2024-12-10,62
2024-12-11,31
2024-12-12,54
2024-12-13,56
2024-12-14,222
2024-12-15,69
2024-12-16,58
2024-12-17,78
2024-12-18,47
2024-12-19,52
2024-12-20,79
2024-12-21,142
2024-12-22,118
2024-12-23,45
2024-12-24,64
2024-12-25,97
2024-12-26,27
2024-12-27,52
2024-12-28,120
2024-12-29,113
2024-12-30,22
2024-12-31,46
2025-01-01,77
2025-01-02,36
2025-01-03,53
2025-01-04,170
2025-01-05,103
2025-01-06,10
2025-01-07,51
2025-01-08,57
2025-01-09,31
2025-01-10,58
2025-01-11,156
2025-01-12,122
2025-01-13,96
2025-01-14,85
2025-01-15,41
2025-01-16,28
2025-01-17,42
2025-01-18,159
2025-01-19,90
2025-01-20,42
2025-01-21,82
2025-01-22,78
2025-01-23,102
2025-01-24,40
2025-01-25,133
2025-01-26,105
2025-01-27,89
2025-01-28,68
2025-01-29,35
2025-01-30,68
2025-01-31,92
2025-02-01,153
2025-02-02,121
2025-02-03,60
2025-02-04,175
2025-02-05,62
2025-02-06,42
2025-02-07,36
2025-02-08,118
2025-02-09,83
2025-02-10,45
2025-02-11,76
2025-02-12,160
2025-02-13,76
2025-02-14,28
2025-02-15,125
2025-02-16,138
2025-02-17,69
2025-02-18,56
2025-02-19,56
2025-02-20,46
2025-02-21,31
2025-02-22,100
2025-02-23,97
2025-02-24,19
2025-02-25,47
2025-02-26,112
2025-02-27,51
2025-02-28,73
2025-03-01,161
2025-03-02,99
2025-03-03,18
2025-03-04,65
2025-03-05,27
2025-03-06,91
2025-03-07,10
2025-03-08,80
2025-03-09,55
2025-03-10,43
2025-03-11,89
2025-03-12,67
2025-03-13,119
2025-03-14,56
2025-03-15,115
2025-03-16,125
2025-03-17,43
2025-03-18,29
2025-03-19,100
2025-03-20,82
2025-03-21,68
2025-03-22,120
2025-03-23,144
2025-03-24,26
2025-03-25,36
2025-03-26,51
2025-03-27,63
2025-03-28,43
2025-03-29,101
2025-03-30,61
2025-03-31,106
2025-04-01,37
2025-04-02,40
2025-04-03,33
2025-04-04,32
2025-04-05,73
2025-04-06,144
2025-04-07,50
2025-04-08,40
2025-04-09,65
2025-04-10,10
2025-04-11,60
2025-04-12,211
2025-04-13,244
2025-04-14,192
2025-04-15,40
2025-04-16,84
2025-04-17,53
2025-04-18,173
2025-04-19,90
2025-04-20,122
2025-04-21,10
2025-04-22,40
2025-04-23,43
2025-04-24,59
2025-04-25,79
2025-04-26,108
2025-04-27,80
2025-04-28,36
2025-04-29,61
2025-04-30,74
2025-05-01,180
2025-05-02,14
2025-05-03,94
2025-05-04,130
2025-05-05,74
2025-05-06,72
2025-05-07,44
2025-05-08,49
2025-05-09,12
2025-05-10,105
2025-05-11,112
2025-05-12,78
2025-05-13,159
2025-05-14,41
2025-05-15,10
2025-05-16,15
2025-05-17,59
2025-05-18,151
2025-05-19,62
2025-05-20,43
2025-05-21,53
2025-05-22,23
2025-05-23,56
2025-05-24,40
2025-05-25,99
2025-05-26,67
2025-05-27,33
2025-05-28,10
2025-05-29,10
2025-05-30,40
2025-05-31,112
2025-06-01,50
2025-06-02,10
2025-06-03,46
2025-06-04,40
2025-06-05,26
2025-06-06,21
2025-06-07,114
2025-06-08,109
2025-06-09,53
2025-06-10,119
2025-06-11,48
2025-06-12,21
2025-06-13,58
2025-06-14,101
2025-06-15,95
2025-06-16,68
2025-06-17,59
2025-06-18,41
2025-06-19,75
2025-06-20,10
2025-06-21,143
2025-06-22,155
2025-06-23,82
2025-06-24,14
2025-06-25,43
2025-06-26,63
2025-06-27,10
2025-06-28,78
2025-06-29,82
2025-06-30,64
2025-07-01,20
2025-07-02,48
2025-07-03,34
2025-07-04,22
2025-07-05,150
2025-07-06,105
2025-07-07,10
2025-07-08,10
2025-07-09,31
2025-07-10,108
2025-07-11,37
2025-07-12,129
2025-07-13,144
2025-07-14,26
2025-07-15,42
2025-07-16,10
2025-07-17,47
2025-07-18,10
2025-07-19,98
2025-07-20,77
2025-07-21,10
2025-07-22,74
2025-07-23,43
2025-07-24,30
2025-07-25,42
2025-07-26,130
2025-07-27,71
2025-07-28,47
2025-07-29,10
2025-07-30,25
2025-07-31,72
2025-08-01,55
2025-08-02,131
2025-08-03,112
2025-08-04,10
2025-08-05,71
2025-08-06,43
2025-08-07,10
2025-08-08,141
2025-08-09,85
2025-08-10,99
2025-08-11,10
2025-08-12,34
2025-08-13,81
2025-08-14,57
2025-08-15,21
2025-08-16,120
2025-08-17,129
2025-08-18,10
2025-08-19,76
2025-08-20,96
2025-08-21,65
2025-08-22,10
2025-08-23,135
2025-08-24,145
2025-08-25,40
2025-08-26,93
2025-08-27,32
2025-08-28,50
2025-08-29,78
2025-08-30,32
2025-08-31,118
2025-09-01,33
2025-09-02,37
2025-09-03,54
2025-09-04,73
2025-09-05,118
2025-09-06,124
2025-09-07,228
2025-09-08,71
2025-09-09,24
2025-09-10,10
2025-09-11,49
2025-09-12,56
2025-09-13,125
2025-09-14,169
2025-09-15,47
2025-09-16,46
2025-09-17,45
2025-09-18,32
2025-09-19,63
2025-09-20,92
2025-09-21,141
2025-09-22,10
2025-09-23,90
2025-09-24,70
2025-09-25,84
2025-09-26,59
2025-09-27,166
2025-09-28,131
2025-09-29,27
2025-09-30,50
2025-10-01,36
2025-10-02,45
2025-10-03,10
2025-10-04,78
2025-10-05,143
2025-10-06,136
2025-10-07,93
2025-10-08,40
2025-10-09,17
2025-10-10,18
2025-10-11,105
2025-10-12,103
2025-10-13,10
2025-10-14,60
2025-10-15,14
2025-10-16,10
2025-10-17,34
2025-10-18,153
2025-10-19,116
2025-10-20,114
2025-10-21,47
2025-10-22,10
2025-10-23,10
2025-10-24,58
2025-10-25,114
2025-10-26,88
2025-10-27,47
2025-10-28,10
2025-10-29,10
2025-10-30,10
2025-10-31,10
2025-11-01,109
2025-11-02,60
2025-11-03,38
2025-11-04,10
2025-11-05,116
2025-11-06,29
2025-11-07,10
2025-11-08,108
2025-11-09,79
2025-11-10,82
2025-11-11,48
2025-11-12,58
2025-11-13,17
2025-11-14,10
2025-11-15,95
2025-11-16,100
2025-11-17,56
2025-11-18,56
2025-11-19,67
2025-11-20,18
2025-11-21,32
2025-11-22,129
2025-11-23,77
2025-11-24,10
2025-11-25,17
2025-11-26,69
2025-11-27,40
2025-11-28,18
2025-11-29,102
2025-11-30,48
2025-12-01,77
2025-12-02,76
2025-12-03,38
2025-12-04,113
2025-12-05,10
2025-12-06,96
2025-12-07,134
2025-12-08,48
2025-12-09,36
2025-12-10,10
2025-12-11,80
2025-12-12,55
2025-12-13,118
2025-12-14,62
2025-12-15,80
2025-12-16,85
2025-12-17,34
2025-12-18,37
2025-12-19,30
2025-12-20,86
2025-12-21,89
2025-12-22,10
2025-12-23,79
2025-12-24,81
2025-12-25,134
2025-12-26,61
2025-12-27,94
2025-12-28,105
2025-12-29,56
2025-12-30,73
2025-12-31,19
2026-01-01,42
2026-01-02,33
2026-01-03,227
2026-01-04,73
2026-01-05,86
2026-01-06,80
2026-01-07,37
2026-01-08,38
2026-01-09,50
2026-01-10,150
2026-01-11,87
2026-01-12,61
2026-01-13,56
2026-01-14,33
2026-01-15,131
2026-01-16,67
2026-01-17,100
2026-01-18,117
2026-01-19,52
2026-01-20,65
2026-01-21,52
2026-01-22,45
2026-01-23,70
2026-01-24,117
2026-01-25,105
2026-01-26,70
2026-01-27,56
2026-01-28,69
2026-01-29,50
2026-01-30,67
2026-01-31,137
2026-02-01,193
2026-02-02,37
2026-02-03,10
2026-02-04,151
2026-02-05,24
2026-02-06,91
2026-02-07,142
2026-02-08,108
2026-02-09,58
2026-02-10,62
2026-02-11,51
2026-02-12,37
2026-02-13,13
2026-02-14,140
2026-02-15,187
2026-02-16,26
2026-02-17,60
2026-02-18,23
2026-02-19,17
2026-02-20,41
2026-02-21,102
2026-02-22,104
2026-02-23,35
2026-02-24,11
2026-02-25,10
2026-02-26,72
2026-02-27,55
2026-02-28,106
2026-03-01,118
2026-03-02,151
2026-03-03,62
2026-03-04,22
2026-03-05,63
2026-03-06,79
2026-03-07,104
2026-03-08,117
2026-03-09,81
2026-03-10,62
2026-03-11,70
2026-03-12,67
2026-03-13,51
2026-03-14,97
2026-03-15,140
2026-03-16,59
2026-03-17,12
2026-03-18,52
2026-03-19,11
2026-03-20,84
2026-03-21,203
2026-03-22,136
2026-03-23,84
2026-03-24,63
2026-03-25,52
2026-03-26,50
2026-03-27,88
2026-03-28,97
2026-03-29,99
2026-03-30,54
2026-03-31,24
2026-04-01,154
2026-04-02,102
2026-04-03,163
2026-04-04,146
2026-04-05,183
2026-04-06,64
2026-04-07,86
2026-04-08,44
2026-04-09,48
2026-04-10,24
2026-04-11,108
2026-04-12,135
2026-04-13,121
2026-04-14,85
2026-04-15,67
2026-04-16,82
2026-04-17,74
2026-04-18,101
2026-04-19,131
2026-04-20,22
2026-04-21,67
2026-04-22,52
2026-04-23,36
2026-04-24,86
2026-04-25,121
2026-04-26,151
2026-04-27,52
2026-04-28,67
2026-04-29,30
2026-04-30,58
2026-05-01,121
2026-05-02,145
2026-05-03,43
2026-05-04,68
2026-05-05,10
2026-05-06,13
2026-05-07,10
2026-05-08,49
2026-05-09,36
2026-05-10,61
2026-05-11,10
2026-05-12,10
2026-05-13,24
2026-05-14,24
2026-05-15,11
2026-05-16,125
2026-05-17,132
2026-05-18,14
2026-05-19,21
2026-05-20,13
2026-05-21,32
2026-05-22,11
2026-05-23,138
2026-05-24,142
2026-05-25,54
2026-05-26,38
2026-05-27,49
2026-05-28,131
2026-05-29,10
2026-05-30,163
2026-05-31,134
2026-06-01,57
2026-06-02,10
2026-06-03,76
2026-06-04,57
2026-06-05,45
2026-06-06,127
2026-06-07,77
2026-06-08,23
2026-06-09,72
2026-06-10,42
2026-06-11,10
2026-06-12,76
2026-06-13,98
2026-06-14,150
2026-06-15,10
2026-06-16,10
2026-06-17,38
2026-06-18,30
2026-06-19,39
2026-06-20,23
2026-06-21,98
2026-06-22,10
2026-06-23,10
2026-06-24,50
2026-06-25,19
2026-06-26,10
2026-06-27,128
2026-06-28,115
2026-06-29,73
2026-06-30,10
2026-07-01,72
2026-07-02,10
2026-07-03,10
2026-07-04,41
2026-07-05,56
2026-07-06,39
2026-07-07,22
2026-07-08,46
2026-07-09,10
2026-07-10,10
2026-07-11,132
2026-07-12,47
2026-07-13,10
2026-07-14,81
2026-07-15,16
2026-07-16,70
2026-07-17,12
2026-07-18,116
2026-07-19,79
2026-07-20,28
2026-07-21,62
2026-07-22,10
2026-07-23,21
2026-07-24,36
2026-07-25,98
2026-07-26,102
2026-07-27,10
2026-07-28,83
2026-07-29,84
2026-07-30,35
2026-07-31,57
2026-08-01,134
