Date,DayOfWeek,IsWeekend,IsHoliday,Weather,Temperature,GuestCount
2021-08-01,6,1,0,Clear,31,119
2021-08-02,0,0,0,Clear,29,58
2021-08-03,1,0,0,Cloudy,29,52
2021-08-04,2,0,0,Cloudy,27,51
2021-08-05,3,0,0,Cloudy,27,79
2021-08-06,4,0,0,Rainy,26,55
2021-08-07,5,1,0,Cloudy,27,135
2021-08-08,6,1,0,Cloudy,29,89
2021-08-09,0,0,0,Cloudy,29,42
2021-08-10,1,0,0,Clear,29,105
2021-08-11,2,0,0,Clear,29,101
2021-08-12,3,0,0,Clear,29,49
2021-08-13,4,0,0,Rainy,25,12
2021-08-14,5,1,0,Rainy,26,67
2021-08-15,6,1,0,Clear,32,76
2021-08-16,0,0,0,Rainy,24,19
2021-08-17,1,0,0,Clear,32,47
2021-08-18,2,0,0,Clear,30,21
2021-08-19,3,0,0,Clear,29,68
2021-08-20,4,0,0,Clear,29,46
2021-08-21,5,1,0,Rainy,24,90
2021-08-22,6,1,1,Clear,31,223
2021-08-23,0,0,0,Clear,32,68
2021-08-24,1,0,0,Rainy,24,49
2021-08-25,2,0,0,Cloudy,27,45
2021-08-26,3,0,0,Clear,32,20
2021-08-27,4,0,0,Clear,30,65
2021-08-28,5,1,0,Clear,31,151
2021-08-29,6,1,0,Cloudy,27,153
2021-08-30,0,0,0,Clear,29,73
2021-08-31,1,0,0,Clear,30,61
2021-09-01,2,0,0,Clear,31,88
2021-09-02,3,0,0,Clear,31,40
2021-09-03,4,0,0,Rainy,26,63
2021-09-04,5,1,0,Clear,29,96
2021-09-05,6,1,0,Clear,29,167
2021-09-06,0,0,0,Clear,29,62
2021-09-07,1,0,0,Cloudy,28,43
2021-09-08,2,0,0,Cloudy,28,28
2021-09-09,3,0,0,Clear,29,85
2021-09-10,4,0,0,Clear,30,49
2021-09-11,5,1,0,Clear,30,141
2021-09-12,6,1,0,Clear,29,161
2021-09-13,0,0,0,Clear,32,61
2021-09-14,1,0,0,Cloudy,28,44
2021-09-15,2,0,0,Clear,29,89
2021-09-16,3,0,0,Cloudy,28,26
2021-09-17,4,0,0,Cloudy,27,49
2021-09-18,5,1,0,Clear,29,105
2021-09-19,6,1,0,Rainy,26,82
2021-09-20,0,0,1,Cloudy,27,169
2021-09-21,1,0,0,Clear,29,64
2021-09-22,2,0,0,Cloudy,29,84
2021-09-23,3,0,0,Clear,30,64
2021-09-24,4,0,0,Cloudy,28,66
2021-09-25,5,1,0,Rainy,25,87
2021-09-26,6,1,0,Cloudy,28,89
2021-09-27,0,0,0,Clear,32,84
2021-09-28,1,0,0,Clear,29,64
2021-09-29,2,0,0,Clear,31,69
2021-09-30,3,0,0,Clear,30,34
2021-10-01,4,0,0,Rainy,24,10
2021-10-02,5,1,0,Clear,32,119
2021-10-03,6,1,0,Cloudy,27,104
2021-10-04,0,0,0,Rainy,25,19
2021-10-05,1,0,0,Cloudy,29,78
2021-10-06,2,0,0,Rainy,24,36
2021-10-07,3,0,0,Cloudy,29,55
2021-10-08,4,0,0,Rainy,25,10
2021-10-09,5,1,0,Rainy,26,59
2021-10-10,6,1,0,Cloudy,27,75
2021-10-11,0,0,0,Rainy,26,10
2021-10-12,1,0,0,Cloudy,28,40
2021-10-13,2,0,0,Rainy,25,10
2021-10-14,3,0,0,Rainy,26,14
2021-10-15,4,0,0,Rainy,25,10
2021-10-16,5,1,0,Rainy,26,44
2021-10-17,6,1,0,Rainy,25,59
2021-10-18,0,0,0,Cloudy,28,28
2021-10-19,1,0,1,Rainy,24,135
2021-10-20,2,0,1,Clear,29,167
2021-10-21,3,0,0,Cloudy,29,70
2021-10-22,4,0,0,Rainy,24,14
2021-10-23,5,1,0,Rainy,26,97
2021-10-24,6,1,0,Rainy,26,60
2021-10-25,0,0,0,Clear,30,50
2021-10-26,1,0,0,Cloudy,27,15
2021-10-27,2,0,0,Clear,31,80
2021-10-28,3,0,0,Clear,31,60
2021-10-29,4,0,0,Clear,31,76
2021-10-30,5,1,0,Rainy,25,88
2021-10-31,6,1,0,Cloudy,28,112
2021-11-01,0,0,0,Cloudy,28,82
2021-11-02,1,0,0,Rainy,25,27
2021-11-03,2,0,0,Rainy,24,24
2021-11-04,3,0,1,Rainy,24,85
2021-11-05,4,0,0,Rainy,24,32
2021-11-06,5,1,0,Rainy,26,148
2021-11-07,6,1,0,Cloudy,28,56
2021-11-08,0,0,0,Rainy,26,10
2021-11-09,1,0,0,Cloudy,29,58
2021-11-10,2,0,0,Cloudy,29,10
2021-11-11,3,0,0,Rainy,24,29
2021-11-12,4,0,0,Rainy,26,10
2021-11-13,5,1,0,Rainy,26,93
2021-11-14,6,1,0,Rainy,25,84
2021-11-15,0,0,0,Rainy,24,10
2021-11-16,1,0,0,Rainy,25,10
2021-11-17,2,0,0,Rainy,26,42
2021-11-18,3,0,1,Rainy,25,112
2021-11-19,4,0,0,Clear,31,44
2021-11-20,5,1,0,Rainy,24,132
2021-11-21,6,1,0,Rainy,25,85
2021-11-22,0,0,0,Cloudy,27,48
2021-11-23,1,0,0,Rainy,25,42
2021-11-24,2,0,0,Rainy,25,59
2021-11-25,3,0,0,Cloudy,27,38
2021-11-26,4,0,0,Clear,30,91
2021-11-27,5,1,0,Rainy,25,64
2021-11-28,6,1,0,Clear,30,162
2021-11-29,0,0,0,Clear,32,25
2021-11-30,1,0,0,Cloudy,28,15
2021-12-01,2,0,0,Clear,29,68
2021-12-02,3,0,0,Cloudy,29,57
2021-12-03,4,0,0,Rainy,26,14
2021-12-04,5,1,0,Clear,31,147
2021-12-05,6,1,0,Rainy,25,66
2021-12-06,0,0,0,Clear,32,62
2021-12-07,1,0,0,Cloudy,29,34
2021-12-08,2,0,0,Clear,31,61
2021-12-09,3,0,0,Cloudy,29,39
2021-12-10,4,0,0,Clear,30,104
2021-12-11,5,1,0,Clear,31,144
2021-12-12,6,1,0,Cloudy,29,137
2021-12-13,0,0,0,Clear,29,19
2021-12-14,1,0,0,Cloudy,28,45
2021-12-15,2,0,0,Clear,31,59
2021-12-16,3,0,0,Clear,32,103
2021-12-17,4,0,0,Clear,31,29
2021-12-18,5,1,1,Clear,31,168
2021-12-19,6,1,0,Cloudy,29,104
2021-12-20,0,0,0,Clear,31,58
2021-12-21,1,0,0,Cloudy,29,28
2021-12-22,2,0,0,Cloudy,29,21
2021-12-23,3,0,0,Clear,32,66
2021-12-24,4,0,0,Clear,30,49
2021-12-25,5,1,1,Clear,32,250
2021-12-26,6,1,0,Clear,30,154
2021-12-27,0,0,0,Clear,30,53
2021-12-28,1,0,0,Clear,30,98
2021-12-29,2,0,0,Cloudy,28,29
2021-12-30,3,0,0,Cloudy,27,32
2021-12-31,4,0,0,Rainy,25,10
2022-01-01,5,1,0,Cloudy,28,83
2022-01-02,6,1,0,Clear,30,137
2022-01-03,0,0,0,Clear,31,79
2022-01-04,1,0,0,Clear,30,62
2022-01-05,2,0,0,Cloudy,27,28
2022-01-06,3,0,0,Clear,29,67
2022-01-07,4,0,0,Cloudy,29,19
2022-01-08,5,1,0,Clear,30,101
2022-01-09,6,1,0,Clear,29,170
2022-01-10,0,0,0,Rainy,26,56
2022-01-11,1,0,0,Clear,31,63
2022-01-12,2,0,0,Clear,31,78
2022-01-13,3,0,0,Clear,30,80
2022-01-14,4,0,1,Clear,32,150
2022-01-15,5,1,0,Rainy,26,90
2022-01-16,6,1,0,Clear,30,100
2022-01-17,0,0,1,Clear,31,159
2022-01-18,1,0,0,Clear,30,28
2022-01-19,2,0,0,Clear,31,55
2022-01-20,3,0,0,Clear,29,76
2022-01-21,4,0,0,Cloudy,28,62
2022-01-22,5,1,0,Clear,32,144
2022-01-23,6,1,0,Cloudy,28,133
2022-01-24,0,0,0,Clear,31,65
2022-01-25,1,0,0,Cloudy,29,81
2022-01-26,2,0,0,Clear,30,74
2022-01-27,3,0,0,Cloudy,29,49
2022-01-28,4,0,0,Clear,29,41
2022-01-29,5,1,0,Cloudy,29,125
2022-01-30,6,1,0,Clear,30,142
2022-01-31,0,0,0,Clear,32,61
2022-02-01,1,0,0,Clear,31,62
2022-02-02,2,0,0,Cloudy,28,34
2022-02-03,3,0,0,Cloudy,29,54
2022-02-04,4,0,1,Cloudy,28,148
2022-02-05,5,1,0,Clear,31,108
2022-02-06,6,1,0,Clear,32,164
2022-02-07,0,0,0,Clear,31,78
2022-02-08,1,0,0,Cloudy,29,41
2022-02-09,2,0,0,Clear,29,79
2022-02-10,3,0,0,Clear,29,37
2022-02-11,4,0,0,Clear,29,64
2022-02-12,5,1,0,Cloudy,29,146
2022-02-13,6,1,0,Clear,32,152
2022-02-14,0,0,0,Clear,32,96
2022-02-15,1,0,0,Cloudy,28,66
2022-02-16,2,0,1,Rainy,24,53
2022-02-17,3,0,0,Clear,29,72
2022-02-18,4,0,0,Rainy,24,10
2022-02-19,5,1,0,Cloudy,27,96
2022-02-20,6,1,0,Cloudy,28,114
2022-02-21,0,0,0,Cloudy,27,65
2022-02-22,1,0,0,Clear,29,71
2022-02-23,2,0,0,Clear,30,67
2022-02-24,3,0,0,Clear,31,27
2022-02-25,4,0,0,Clear,29,40
2022-02-26,5,1,0,Clear,31,136
2022-02-27,6,1,0,Cloudy,29,149
2022-02-28,0,0,0,Rainy,26,55
2022-03-01,1,0,1,Clear,29,172
2022-03-02,2,0,0,Rainy,25,35
2022-03-03,3,0,0,Clear,31,92
2022-03-04,4,0,0,Clear,32,65
2022-03-05,5,1,0,Clear,29,183
2022-03-06,6,1,0,Clear,30,122
2022-03-07,0,0,0,Clear,30,65
2022-03-08,1,0,0,Clear,31,27
2022-03-09,2,0,0,Clear,32,32
2022-03-10,3,0,0,Clear,29,46
2022-03-11,4,0,0,Clear,31,72
2022-03-12,5,1,0,Clear,31,151
2022-03-13,6,1,0,Clear,31,133
2022-03-14,0,0,0,Rainy,26,10
2022-03-15,1,0,0,Cloudy,28,54
2022-03-16,2,0,0,Cloudy,28,83
2022-03-17,3,0,1,Rainy,24,118
2022-03-18,4,0,0,Clear,29,96
2022-03-19,5,1,0,Clear,30,148
2022-03-20,6,1,0,Clear,31,93
2022-03-21,0,0,0,Clear,32,61
2022-03-22,1,0,0,Cloudy,27,14
2022-03-23,2,0,0,Clear,30,39
2022-03-24,3,0,0,Clear,29,95
2022-03-25,4,0,0,Clear,32,46
2022-03-26,5,1,0,Cloudy,29,106
2022-03-27,6,1,0,Cloudy,27,166
2022-03-28,0,0,0,Clear,31,91
2022-03-29,1,0,0,Cloudy,27,70
2022-03-30,2,0,0,Clear,29,61
2022-03-31,3,0,0,Clear,31,24
2022-04-01,4,0,0,Rainy,26,26
2022-04-02,5,1,0,Clear,30,135
2022-04-03,6,1,0,Clear,31,155
2022-04-04,0,0,0,Cloudy,28,83
2022-04-05,1,0,0,Rainy,24,10
2022-04-06,2,0,0,Rainy,25,25
2022-04-07,3,0,0,Cloudy,27,34
2022-04-08,4,0,0,Rainy,26,10
2022-04-09,5,1,0,Clear,32,121
2022-04-10,6,1,0,Clear,30,137
2022-04-11,0,0,1,Cloudy,27,158
2022-04-12,1,0,1,Clear,30,162
2022-04-13,2,0,1,Clear,32,116
2022-04-14,3,0,1,Clear,30,157
2022-04-15,4,0,1,Clear,31,164
2022-04-16,5,1,1,Cloudy,28,223
2022-04-17,6,1,0,Clear,29,106
2022-04-18,0,0,0,Clear,32,52
2022-04-19,1,0,0,Cloudy,28,60
2022-04-20,2,0,0,Cloudy,27,32
2022-04-21,3,0,0,Cloudy,27,57
2022-04-22,4,0,0,Cloudy,28,59
2022-04-23,5,1,0,Clear,32,90
2022-04-24,6,1,0,Cloudy,27,77
2022-04-25,0,0,0,Rainy,26,10
2022-04-26,1,0,0,Clear,31,32
2022-04-27,2,0,0,Clear,32,33
2022-04-28,3,0,0,Clear,30,67
2022-04-29,4,0,0,Clear,32,45
2022-04-30,5,1,0,Cloudy,29,74
2022-05-01,6,1,1,Clear,30,218
2022-05-02,0,0,1,Rainy,24,106
2022-05-03,1,0,1,Clear,29,136
2022-05-04,2,0,0,Clear,31,49
2022-05-05,3,0,0,Rainy,26,53
2022-05-06,4,0,0,Rainy,24,24
2022-05-07,5,1,0,Rainy,26,10
2022-05-08,6,1,0,Rainy,24,110
2022-05-09,0,0,0,Rainy,26,10
2022-05-10,1,0,0,Rainy,24,34
2022-05-11,2,0,0,Rainy,26,10
2022-05-12,3,0,0,Clear,32,49
2022-05-13,4,0,0,Cloudy,28,40
2022-05-14,5,1,0,Clear,29,172
2022-05-15,6,1,1,Rainy,24,145
2022-05-16,0,0,1,Rainy,26,140
2022-05-17,1,0,0,Cloudy,28,60
2022-05-18,2,0,0,Rainy,25,10
2022-05-19,3,0,0,Rainy,25,27
2022-05-20,4,0,0,Rainy,24,37
2022-05-21,5,1,0,Clear,31,124
2022-05-22,6,1,0,Rainy,26,61
2022-05-23,0,0,0,Rainy,24,42
2022-05-24,1,0,0,Cloudy,27,78
2022-05-25,2,0,0,Cloudy,29,70
2022-05-26,3,0,0,Cloudy,29,77
2022-05-27,4,0,0,Rainy,25,35
2022-05-28,5,1,0,Cloudy,28,157
2022-05-29,6,1,0,Clear,31,166
2022-05-30,0,0,0,Cloudy,27,74
2022-05-31,1,0,0,Rainy,26,28
2022-06-01,2,0,0,Cloudy,27,60
2022-06-02,3,0,0,Cloudy,29,76
2022-06-03,4,0,0,Rainy,24,10
2022-06-04,5,1,0,Rainy,24,80
2022-06-05,6,1,0,Rainy,25,46
2022-06-06,0,0,0,Rainy,25,10
2022-06-07,1,0,0,Rainy,25,29
2022-06-08,2,0,0,Clear,31,38
2022-06-09,3,0,0,Clear,30,30
2022-06-10,4,0,0,Rainy,25,10
2022-06-11,5,1,0,Rainy,26,67
2022-06-12,6,1,0,Clear,30,110
2022-06-13,0,0,0,Rainy,24,50
2022-06-14,1,0,1,Rainy,24,104
2022-06-15,2,0,0,Rainy,25,10
2022-06-16,3,0,0,Clear,30,51
2022-06-17,4,0,0,Clear,32,36
2022-06-18,5,1,0,Rainy,24,127
2022-06-19,6,1,0,Clear,29,99
2022-06-20,0,0,0,Clear,32,65
2022-06-21,1,0,0,Rainy,24,40
2022-06-22,2,0,0,Rainy,25,21
2022-06-23,3,0,0,Rainy,26,30
2022-06-24,4,0,0,Rainy,25,15
2022-06-25,5,1,0,Rainy,26,74
2022-06-26,6,1,0,Rainy,24,67
2022-06-27,0,0,0,Cloudy,28,47
2022-06-28,1,0,0,Clear,31,52
2022-06-29,2,0,0,Clear,31,60
2022-06-30,3,0,0,Clear,29,50
2022-07-01,4,0,0,Cloudy,27,44
2022-07-02,5,1,0,Cloudy,29,147
2022-07-03,6,1,0,Rainy,25,37
2022-07-04,0,0,0,Cloudy,29,74
2022-07-05,1,0,0,Cloudy,27,13
2022-07-06,2,0,0,Cloudy,27,66
2022-07-07,3,0,0,Clear,32,40
2022-07-08,4,0,0,Clear,30,78
2022-07-09,5,1,0,Rainy,25,61
2022-07-10,6,1,1,Rainy,26,150
2022-07-11,0,0,0,Rainy,24,22
2022-07-12,1,0,0,Rainy,25,10
2022-07-13,2,0,1,Rainy,26,143
2022-07-14,3,0,0,Rainy,26,13
2022-07-15,4,0,0,Cloudy,28,71
2022-07-16,5,1,0,Clear,30,148
2022-07-17,6,1,0,Cloudy,28,137
2022-07-18,0,0,0,Cloudy,29,38
2022-07-19,1,0,0,Cloudy,29,32
2022-07-20,2,0,0,Rainy,25,10
2022-07-21,3,0,0,Rainy,26,31
2022-07-22,4,0,0,Clear,32,55
2022-07-23,5,1,0,Rainy,25,75
2022-07-24,6,1,0,Rainy,24,99
2022-07-25,0,0,0,Rainy,25,57
2022-07-26,1,0,0,Rainy,24,13
2022-07-27,2,0,0,Rainy,24,43
2022-07-28,3,0,0,Clear,29,35
2022-07-29,4,0,0,Rainy,25,42
2022-07-30,5,1,0,Rainy,25,103
2022-07-31,6,1,0,Rainy,24,111
2022-08-01,0,0,0,Clear,32,75
2022-08-02,1,0,0,Clear,31,43
2022-08-03,2,0,0,Clear,32,89
2022-08-04,3,0,0,Clear,31,96
2022-08-05,4,0,0,Rainy,24,10
2022-08-06,5,1,0,Clear,32,82
2022-08-07,6,1,0,Rainy,26,69
2022-08-08,0,0,0,Clear,31,76
2022-08-09,1,0,0,Cloudy,27,34
2022-08-10,2,0,0,Cloudy,29,69
2022-08-11,3,0,1,Cloudy,28,101
2022-08-12,4,0,0,Clear,29,87
2022-08-13,5,1,0,Clear,29,96
2022-08-14,6,1,0,Clear,29,124
2022-08-15,0,0,0,Clear,31,50
2022-08-16,1,0,0,Clear,30,39
2022-08-17,2,0,0,Cloudy,28,23
2022-08-18,3,0,0,Cloudy,29,62
2022-08-19,4,0,0,Clear,31,54
2022-08-20,5,1,0,Clear,29,162
2022-08-21,6,1,0,Clear,30,135
2022-08-22,0,0,0,Rainy,25,15
2022-08-23,1,0,0,Clear,32,51
2022-08-24,2,0,0,Clear,29,56
2022-08-25,3,0,0,Clear,30,64
2022-08-26,4,0,0,Clear,31,84
2022-08-27,5,1,0,Cloudy,27,97
2022-08-28,6,1,0,Clear,30,128
2022-08-29,0,0,0,Rainy,26,16
2022-08-30,1,0,0,Cloudy,29,17
2022-08-31,2,0,0,Cloudy,29,20
2022-09-01,3,0,0,Cloudy,29,37
2022-09-02,4,0,0,Clear,32,95
2022-09-03,5,1,0,Clear,29,106
2022-09-04,6,1,0,Cloudy,28,73
2022-09-05,0,0,0,Rainy,24,17
2022-09-06,1,0,0,Rainy,25,10
2022-09-07,2,0,0,Rainy,25,35
2022-09-08,3,0,0,Clear,29,52
2022-09-09,4,0,0,Clear,30,90
2022-09-10,5,1,1,Clear,29,191
2022-09-11,6,1,0,Clear,29,119
2022-09-12,0,0,0,Cloudy,28,41
2022-09-13,1,0,0,Rainy,25,30
2022-09-14,2,0,0,Clear,30,64
2022-09-15,3,0,0,Clear,31,53
2022-09-16,4,0,0,Clear,29,79
2022-09-17,5,1,0,Clear,29,102
2022-09-18,6,1,0,Cloudy,29,124
2022-09-19,0,0,0,Clear,29,45
2022-09-20,1,0,0,Clear,30,85
2022-09-21,2,0,0,Rainy,25,27
2022-09-22,3,0,0,Clear,31,96
2022-09-23,4,0,0,Clear,32,77
2022-09-24,5,1,0,Clear,32,168
2022-09-25,6,1,0,Clear,29,112
2022-09-26,0,0,0,Cloudy,29,58
2022-09-27,1,0,0,Rainy,25,10
2022-09-28,2,0,0,Cloudy,29,11
2022-09-29,3,0,0,Clear,32,87
2022-09-30,4,0,0,Rainy,26,29
2022-10-01,5,1,0,Cloudy,28,145
2022-10-02,6,1,0,Rainy,24,77
2022-10-03,0,0,0,Rainy,26,14
2022-10-04,1,0,0,Cloudy,28,26
2022-10-05,2,0,0,Cloudy,27,62
2022-10-06,3,0,0,Rainy,25,10
2022-10-07,4,0,0,Cloudy,29,60
2022-10-08,5,1,0,Cloudy,28,127
2022-10-09,6,1,1,Rainy,26,195
2022-10-10,0,0,0,Rainy,25,14
2022-10-11,1,0,0,Rainy,24,39
2022-10-12,2,0,0,Cloudy,27,43
2022-10-13,3,0,0,Cloudy,27,76
2022-10-14,4,0,0,Rainy,24,37
2022-10-15,5,1,0,Rainy,26,72
2022-10-16,6,1,0,Rainy,24,118
2022-10-17,0,0,0,Clear,32,62
2022-10-18,1,0,0,Rainy,25,18
2022-10-19,2,0,0,Rainy,24,26
2022-10-20,3,0,0,Clear,29,40
2022-10-21,4,0,0,Rainy,24,10
2022-10-22,5,1,0,Rainy,25,114
2022-10-23,6,1,0,Clear,31,167
2022-10-24,0,0,1,Rainy,25,28
2022-10-25,1,0,0,Rainy,24,10
2022-10-26,2,0,0,Clear,29,37
2022-10-27,3,0,0,Rainy,25,13
2022-10-28,4,0,0,Clear,30,73
2022-10-29,5,1,0,Clear,32,173
2022-10-30,6,1,0,Rainy,25,46
2022-10-31,0,0,0,Rainy,25,16
2022-11-01,1,0,0,Rainy,25,49
2022-11-02,2,0,0,Rainy,24,27
2022-11-03,3,0,0,Rainy,25,10
2022-11-04,4,0,0,Rainy,24,14
2022-11-05,5,1,0,Rainy,26,88
2022-11-06,6,1,0,Cloudy,28,143
2022-11-07,0,0,1,Rainy,26,118
2022-11-08,1,0,0,Clear,29,106
2022-11-09,2,0,0,Clear,32,40
2022-11-10,3,0,0,Clear,31,39
2022-11-11,4,0,0,Clear,29,25
2022-11-12,5,1,0,Clear,30,148
2022-11-13,6,1,0,Rainy,26,57
2022-11-14,0,0,0,Cloudy,27,46
2022-11-15,1,0,0,Clear,32,83
2022-11-16,2,0,0,Clear,30,82
2022-11-17,3,0,0,Rainy,24,55
2022-11-18,4,0,0,Rainy,24,31
2022-11-19,5,1,0,Cloudy,27,89
2022-11-20,6,1,0,Rainy,25,59
2022-11-21,0,0,0,Rainy,24,13
2022-11-22,1,0,0,Rainy,26,10
2022-11-23,2,0,0,Rainy,24,11
2022-11-24,3,0,0,Clear,30,52
2022-11-25,4,0,0,Rainy,24,19
2022-11-26,5,1,0,Rainy,24,112
2022-11-27,6,1,0,Rainy,24,81
2022-11-28,0,0,0,Clear,32,59
2022-11-29,1,0,0,Rainy,24,21
2022-11-30,2,0,0,Clear,29,75
2022-12-01,3,0,0,Clear,32,70
2022-12-02,4,0,0,Clear,32,49
2022-12-03,5,1,0,Cloudy,27,130
2022-12-04,6,1,0,Clear,30,142
2022-12-05,0,0,0,Clear,29,54
2022-12-06,1,0,0,Rainy,25,10
2022-12-07,2,0,1,Cloudy,28,169
2022-12-08,3,0,0,Clear,29,85
2022-12-09,4,0,0,Clear,31,61
2022-12-10,5,1,0,Clear,32,85
2022-12-11,6,1,0,Cloudy,28,99
2022-12-12,0,0,0,Clear,30,26
2022-12-13,1,0,0,Cloudy,27,61
2022-12-14,2,0,0,Rainy,24,12
2022-12-15,3,0,0,Clear,30,76
2022-12-16,4,0,0,Cloudy,27,44
2022-12-17,5,1,0,Clear,29,113
2022-12-18,6,1,0,Clear,31,123
2022-12-19,0,0,0,Cloudy,29,38
2022-12-20,1,0,0,Clear,32,65
2022-12-21,2,0,0,Clear,29,54
2022-12-22,3,0,0,Clear,30,81
2022-12-23,4,0,0,Cloudy,28,61
2022-12-24,5,1,0,Clear,29,154
2022-12-25,6,1,1,Cloudy,29,220
2022-12-26,0,0,0,Clear,32,85
2022-12-27,1,0,0,Clear,29,25
2022-12-28,2,0,0,Rainy,24,20
2022-12-29,3,0,0,Cloudy,29,61
2022-12-30,4,0,0,Rainy,24,32
2022-12-31,5,1,0,Clear,29,133
2023-01-01,6,1,0,Clear,29,166
2023-01-02,0,0,0,Clear,31,49
2023-01-03,1,0,0,Rainy,26,14
2023-01-04,2,0,0,Rainy,26,48
2023-01-05,3,0,0,Rainy,25,10
2023-01-06,4,0,1,Clear,29,110
2023-01-07,5,1,0,Cloudy,27,131
2023-01-08,6,1,0,Rainy,25,57
2023-01-09,0,0,0,Clear,32,89
2023-01-10,1,0,0,Cloudy,27,73
2023-01-11,2,0,0,Cloudy,28,60
2023-01-12,3,0,0,Clear,30,76
2023-01-13,4,0,0,Rainy,26,26
2023-01-14,5,1,0,Clear,32,124
2023-01-15,6,1,1,Cloudy,27,164
2023-01-16,0,0,0,Clear,30,59
2023-01-17,1,0,0,Cloudy,27,78
2023-01-18,2,0,0,Cloudy,27,19
2023-01-19,3,0,0,Clear,29,60
2023-01-20,4,0,0,Clear,29,82
2023-01-21,5,1,0,Clear,31,123
2023-01-22,6,1,0,Clear,31,140
2023-01-23,0,0,0,Clear,30,87
2023-01-24,1,0,0,Clear,30,47
2023-01-25,2,0,0,Cloudy,27,92
2023-01-26,3,0,0,Cloudy,27,67
2023-01-27,4,0,0,Clear,30,46
2023-01-28,5,1,0,Clear,29,126
2023-01-29,6,1,0,Cloudy,27,112
2023-01-30,0,0,0,Cloudy,27,47
2023-01-31,1,0,0,Cloudy,28,26
2023-02-01,2,0,0,Clear,31,56
2023-02-02,3,0,0,Clear,32,23
2023-02-03,4,0,0,Cloudy,27,31
2023-02-04,5,1,1,Cloudy,27,196
2023-02-05,6,1,1,Cloudy,28,235
2023-02-06,0,0,0,Cloudy,27,82
2023-02-07,1,0,0,Clear,29,24
2023-02-08,2,0,0,Clear,31,59
2023-02-09,3,0,0,Cloudy,27,44
2023-02-10,4,0,0,Cloudy,27,42
2023-02-11,5,1,0,Clear,31,127
2023-02-12,6,1,0,Clear,32,117
2023-02-13,0,0,0,Rainy,25,10
2023-02-14,1,0,0,Clear,29,38
2023-02-15,2,0,0,Clear,30,66
2023-02-16,3,0,0,Cloudy,28,88
2023-02-17,4,0,0,Clear,30,23
2023-02-18,5,1,1,Rainy,25,174
2023-02-19,6,1,0,Rainy,24,78
2023-02-20,0,0,0,Clear,31,65
2023-02-21,1,0,0,Cloudy,27,55
2023-02-22,2,0,0,Rainy,25,51
2023-02-23,3,0,0,Clear,29,68
2023-02-24,4,0,0,Rainy,26,23
2023-02-25,5,1,0,Clear,32,148
2023-02-26,6,1,0,Clear,30,130
2023-02-27,0,0,0,Cloudy,27,57
2023-02-28,1,0,0,Clear,29,61
2023-03-01,2,0,0,Rainy,26,28
2023-03-02,3,0,0,Clear,29,69
2023-03-03,4,0,0,Rainy,26,51
2023-03-04,5,1,0,Clear,32,98
2023-03-05,6,1,0,Clear,32,109
2023-03-06,0,0,1,Cloudy,29,84
2023-03-07,1,0,0,Cloudy,29,36
2023-03-08,2,0,0,Clear,29,54
2023-03-09,3,0,0,Clear,29,37
2023-03-10,4,0,0,Clear,30,44
2023-03-11,5,1,0,Clear,30,113
2023-03-12,6,1,0,Clear,32,132
2023-03-13,0,0,0,Clear,30,35
2023-03-14,1,0,0,Cloudy,28,60
2023-03-15,2,0,0,Clear,30,41
2023-03-16,3,0,0,Rainy,25,18
2023-03-17,4,0,0,Cloudy,29,55
2023-03-18,5,1,0,Cloudy,29,112
2023-03-19,6,1,0,Clear,30,113
2023-03-20,0,0,0,Clear,29,87
2023-03-21,1,0,0,Clear,32,58
2023-03-22,2,0,0,Clear,29,78
2023-03-23,3,0,0,Cloudy,29,71
2023-03-24,4,0,0,Clear,29,37
2023-03-25,5,1,0,Rainy,25,109
2023-03-26,6,1,0,Cloudy,28,101
2023-03-27,0,0,0,Clear,31,71
2023-03-28,1,0,0,Clear,29,89
2023-03-29,2,0,0,Cloudy,28,47
2023-03-30,3,0,0,Rainy,26,25
2023-03-31,4,0,0,Cloudy,29,23
2023-04-01,5,1,0,Clear,32,123
2023-04-02,6,1,0,Cloudy,27,128
2023-04-03,0,0,0,Cloudy,27,39
2023-04-04,1,0,0,Clear,30,60
2023-04-05,2,0,1,Rainy,24,94
2023-04-06,3,0,0,Clear,31,76
2023-04-07,4,0,1,Clear,31,157
2023-04-08,5,1,0,Clear,30,163
2023-04-09,6,1,0,Clear,31,134
2023-04-10,0,0,0,Clear,32,70
2023-04-11,1,0,0,Rainy,24,17
2023-04-12,2,0,0,Clear,31,82
2023-04-13,3,0,1,Clear,30,138
2023-04-14,4,0,1,Cloudy,27,180
2023-04-15,5,1,0,Clear,30,150
2023-04-16,6,1,0,Clear,32,131
2023-04-17,0,0,0,Clear,30,26
2023-04-18,1,0,0,Clear,31,35
2023-04-19,2,0,0,Rainy,26,10
2023-04-20,3,0,0,Clear,31,33
2023-04-21,4,0,0,Cloudy,29,60
2023-04-22,5,1,1,Cloudy,29,170
2023-04-23,6,1,0,Cloudy,28,111
2023-04-24,0,0,0,Clear,32,88
2023-04-25,1,0,0,Clear,32,55
2023-04-26,2,0,0,Clear,30,58
2023-04-27,3,0,0,Cloudy,27,38
2023-04-28,4,0,0,Rainy,25,37
2023-04-29,5,1,0,Clear,32,153
2023-04-30,6,1,0,Clear,30,119
2023-05-01,0,0,1,Cloudy,29,159
2023-05-02,1,0,0,Cloudy,28,73
2023-05-03,2,0,0,Rainy,24,10
2023-05-04,3,0,0,Rainy,25,63
2023-05-05,4,0,1,Clear,32,153
2023-05-06,5,1,1,Rainy,25,190
2023-05-07,6,1,0,Rainy,26,77
2023-05-08,0,0,0,Clear,29,68
2023-05-09,1,0,0,Cloudy,29,25
2023-05-10,2,0,0,Cloudy,28,52
2023-05-11,3,0,0,Cloudy,29,84
2023-05-12,4,0,0,Rainy,25,15
2023-05-13,5,1,0,Rainy,24,105
2023-05-14,6,1,0,Rainy,26,46
2023-05-15,0,0,0,Clear,32,58
2023-05-16,1,0,0,Rainy,24,10
2023-05-17,2,0,0,Cloudy,28,61
2023-05-18,3,0,0,Clear,31,52
2023-05-19,4,0,0,Rainy,24,38
2023-05-20,5,1,0,Rainy,24,100
2023-05-21,6,1,0,Rainy,25,78
2023-05-22,0,0,0,Rainy,25,10
2023-05-23,1,0,0,Clear,29,78
2023-05-24,2,0,0,Cloudy,29,67
2023-05-25,3,0,0,Rainy,25,65
2023-05-26,4,0,0,Rainy,24,52
2023-05-27,5,1,0,Cloudy,27,91
2023-05-28,6,1,0,Rainy,25,102
2023-05-29,0,0,0,Rainy,26,18
2023-05-30,1,0,0,Rainy,26,14
2023-05-31,2,0,0,Rainy,24,38
2023-06-01,3,0,0,Clear,32,71
2023-06-02,4,0,0,Clear,30,66
2023-06-03,5,1,1,Cloudy,28,205
2023-06-04,6,1,0,Rainy,26,82
2023-06-05,0,0,0,Rainy,26,17
2023-06-06,1,0,0,Clear,30,58
2023-06-07,2,0,0,Clear,30,55
2023-06-08,3,0,0,Cloudy,27,42
2023-06-09,4,0,0,Rainy,24,10
2023-06-10,5,1,0,Clear,31,158
2023-06-11,6,1,0,Rainy,25,67
2023-06-12,0,0,0,Clear,30,60
2023-06-13,1,0,0,Clear,30,65
2023-06-14,2,0,0,Rainy,24,47
2023-06-15,3,0,0,Cloudy,29,70
2023-06-16,4,0,0,Cloudy,27,47
2023-06-17,5,1,0,Rainy,26,81
2023-06-18,6,1,0,Rainy,26,89
2023-06-19,0,0,0,Rainy,25,41
2023-06-20,1,0,0,Rainy,24,29
2023-06-21,2,0,0,Clear,32,70
2023-06-22,3,0,0,Rainy,24,58
2023-06-23,4,0,0,Rainy,24,10
2023-06-24,5,1,0,Rainy,25,89
2023-06-25,6,1,0,Rainy,25,83
2023-06-26,0,0,0,Clear,29,67
2023-06-27,1,0,0,Rainy,25,39
2023-06-28,2,0,0,Rainy,24,10
2023-06-29,3,0,1,Rainy,26,110
2023-06-30,4,0,0,Rainy,26,10
2023-07-01,5,1,0,Rainy,25,26
2023-07-02,6,1,0,Rainy,26,45
2023-07-03,0,0,1,Rainy,26,96
2023-07-04,1,0,0,Rainy,26,10
2023-07-05,2,0,0,Rainy,24,14
2023-07-06,3,0,0,Rainy,25,31
2023-07-07,4,0,0,Rainy,25,10
2023-07-08,5,1,0,Rainy,26,84
2023-07-09,6,1,0,Cloudy,27,144
2023-07-10,0,0,0,Clear,30,91
2023-07-11,1,0,0,Cloudy,29,52
2023-07-12,2,0,0,Rainy,26,29
2023-07-13,3,0,0,Clear,30,73
2023-07-14,4,0,0,Rainy,24,31
2023-07-15,5,1,0,Rainy,25,86
2023-07-16,6,1,0,Clear,32,158
2023-07-17,0,0,0,Rainy,26,10
2023-07-18,1,0,0,Rainy,26,19
2023-07-19,2,0,0,Rainy,25,21
2023-07-20,3,0,0,Rainy,24,39
2023-07-21,4,0,0,Rainy,26,28
2023-07-22,5,1,0,Rainy,26,61
2023-07-23,6,1,0,Clear,29,136
2023-07-24,0,0,0,Rainy,24,31
2023-07-25,1,0,0,Cloudy,29,38
2023-07-26,2,0,0,Rainy,24,22
2023-07-27,3,0,0,Cloudy,28,76
2023-07-28,4,0,0,Rainy,24,34
2023-07-29,5,1,0,Cloudy,27,132
2023-07-30,6,1,0,Rainy,25,83
2023-07-31,0,0,0,Rainy,26,15
2023-08-01,1,0,1,Clear,31,123
2023-08-02,2,0,0,Clear,32,41
2023-08-03,3,0,0,Cloudy,28,57
2023-08-04,4,0,0,Cloudy,27,42
2023-08-05,5,1,0,Clear,29,160
2023-08-06,6,1,0,Cloudy,27,116
2023-08-07,0,0,0,Rainy,25,10
2023-08-08,1,0,0,Clear,32,56
2023-08-09,2,0,0,Clear,29,85
2023-08-10,3,0,0,Clear,30,41
2023-08-11,4,0,0,Clear,32,48
2023-08-12,5,1,0,Cloudy,28,174
2023-08-13,6,1,0,Clear,31,134
2023-08-14,0,0,0,Cloudy,27,10
2023-08-15,1,0,0,Clear,31,72
2023-08-16,2,0,0,Clear,32,25
2023-08-17,3,0,0,Clear,32,35
2023-08-18,4,0,0,Cloudy,29,76
2023-08-19,5,1,0,Clear,29,133
2023-08-20,6,1,0,Clear,29,88
2023-08-21,0,0,0,Rainy,26,39
2023-08-22,1,0,0,Rainy,25,10
2023-08-23,2,0,0,Rainy,25,25
2023-08-24,3,0,0,Clear,31,78
2023-08-25,4,0,0,Clear,32,52
2023-08-26,5,1,0,Rainy,26,103
2023-08-27,6,1,0,Clear,31,136
2023-08-28,0,0,0,Rainy,25,40
2023-08-29,1,0,0,Cloudy,29,58
2023-08-30,2,0,1,Clear,31,156
2023-08-31,3,0,0,Cloudy,28,16
2023-09-01,4,0,0,Cloudy,29,66
2023-09-02,5,1,0,Clear,30,135
2023-09-03,6,1,0,Clear,29,136
2023-09-04,0,0,0,Rainy,26,10
2023-09-05,1,0,0,Cloudy,28,25
2023-09-06,2,0,0,Clear,32,74
2023-09-07,3,0,0,Clear,29,51
2023-09-08,4,0,0,Cloudy,28,38
2023-09-09,5,1,0,Cloudy,28,121
2023-09-10,6,1,0,Clear,32,136
2023-09-11,0,0,0,Clear,31,85
2023-09-12,1,0,0,Cloudy,27,42
2023-09-13,2,0,0,Cloudy,27,32
2023-09-14,3,0,0,Clear,30,51
2023-09-15,4,0,0,Clear,29,45
2023-09-16,5,1,0,Cloudy,28,74
2023-09-17,6,1,0,Clear,29,148
2023-09-18,0,0,0,Rainy,25,10
2023-09-19,1,0,0,Clear,30,94
2023-09-20,2,0,0,Rainy,25,58
2023-09-21,3,0,0,Clear,32,59
2023-09-22,4,0,0,Clear,31,76
2023-09-23,5,1,0,Rainy,24,123
2023-09-24,6,1,0,Clear,31,175
2023-09-25,0,0,0,Rainy,25,10
2023-09-26,1,0,0,Cloudy,27,38
2023-09-27,2,0,0,Cloudy,28,81
2023-09-28,3,0,1,Clear,29,128
2023-09-29,4,0,1,Clear,29,170
2023-09-30,5,1,0,Clear,32,186
2023-10-01,6,1,0,Rainy,25,66
2023-10-02,0,0,0,Rainy,25,10
2023-10-03,1,0,0,Rainy,24,68
2023-10-04,2,0,0,Rainy,24,28
2023-10-05,3,0,0,Rainy,26,35
2023-10-06,4,0,0,Rainy,24,31
2023-10-07,5,1,0,Rainy,24,110
2023-10-08,6,1,0,Clear,30,87
2023-10-09,0,0,0,Cloudy,27,78
2023-10-10,1,0,0,Rainy,24,37
2023-10-11,2,0,0,Clear,31,90
2023-10-12,3,0,0,Rainy,25,10
2023-10-13,4,0,0,Cloudy,27,31
2023-10-14,5,1,0,Clear,29,137
2023-10-15,6,1,0,Rainy,24,63
2023-10-16,0,0,0,Rainy,26,10
2023-10-17,1,0,0,Rainy,24,35
2023-10-18,2,0,0,Rainy,24,52
2023-10-19,3,0,0,Rainy,24,21
2023-10-20,4,0,0,Cloudy,27,20
2023-10-21,5,1,0,Rainy,24,48
2023-10-22,6,1,0,Rainy,26,57
2023-10-23,0,0,0,Cloudy,29,76
2023-10-24,1,0,0,Rainy,24,10
2023-10-25,2,0,0,Rainy,24,18
2023-10-26,3,0,0,Rainy,26,10
2023-10-27,4,0,0,Cloudy,27,34
2023-10-28,5,1,1,Cloudy,27,165
2023-10-29,6,1,0,Clear,29,112
2023-10-30,0,0,0,Clear,29,81
2023-10-31,1,0,0,Rainy,26,22
2023-11-01,2,0,0,Rainy,25,36
2023-11-02,3,0,0,Clear,30,53
2023-11-03,4,0,0,Rainy,25,10
2023-11-04,5,1,0,Rainy,24,78
2023-11-05,6,1,0,Clear,30,169
2023-11-06,0,0,0,Cloudy,29,95
2023-11-07,1,0,0,Clear,29,66
2023-11-08,2,0,0,Rainy,26,51
2023-11-09,3,0,0,Rainy,25,59
2023-11-10,4,0,0,Rainy,25,10
2023-11-11,5,1,0,Rainy,24,34
2023-11-12,6,1,1,Rainy,24,196
2023-11-13,0,0,0,Clear,30,59
2023-11-14,1,0,0,Cloudy,29,81
2023-11-15,2,0,0,Rainy,24,10
2023-11-16,3,0,0,Cloudy,27,10
2023-11-17,4,0,0,Rainy,26,38
2023-11-18,5,1,0,Cloudy,28,156
2023-11-19,6,1,0,Cloudy,29,108
2023-11-20,0,0,0,Rainy,26,10
2023-11-21,1,0,0,Rainy,25,10
2023-11-22,2,0,0,Rainy,24,47
2023-11-23,3,0,0,Rainy,25,20
2023-11-24,4,0,0,Rainy,24,27
2023-11-25,5,1,0,Rainy,24,107
2023-11-26,6,1,1,Cloudy,29,202
2023-11-27,0,0,0,Clear,29,91
2023-11-28,1,0,0,Rainy,25,42
2023-11-29,2,0,0,Clear,30,80
2023-11-30,3,0,0,Rainy,26,19
2023-12-01,4,0,0,Clear,30,52
2023-12-02,5,1,0,Clear,31,134
2023-12-03,6,1,0,Clear,29,145
2023-12-04,0,0,0,Clear,32,66
2023-12-05,1,0,0,Clear,31,91
2023-12-06,2,0,0,Cloudy,27,58
2023-12-07,3,0,0,Rainy,26,15
2023-12-08,4,0,0,Cloudy,28,64
2023-12-09,5,1,0,Clear,32,139
2023-12-10,6,1,0,Clear,32,130
2023-12-11,0,0,0,Clear,29,59
2023-12-12,1,0,0,Cloudy,28,53
2023-12-13,2,0,0,Cloudy,28,29
2023-12-14,3,0,0,Clear,30,98
2023-12-15,4,0,0,Clear,32,66
2023-12-16,5,1,0,Clear,30,143
2023-12-17,6,1,0,Clear,30,168
2023-12-18,0,0,0,Cloudy,29,57
2023-12-19,1,0,0,Clear,31,73
2023-12-20,2,0,0,Cloudy,28,68
2023-12-21,3,0,0,Cloudy,27,63
2023-12-22,4,0,0,Clear,29,66
2023-12-23,5,1,0,Clear,32,119
2023-12-24,6,1,0,Clear,31,84
2023-12-25,0,0,1,Rainy,24,123
2023-12-26,1,0,1,Cloudy,29,148
2023-12-27,2,0,0,Rainy,25,18
2023-12-28,3,0,0,Clear,31,71
2023-12-29,4,0,0,Clear,32,61
2023-12-30,5,1,0,Clear,31,90
2023-12-31,6,1,0,Rainy,24,74
2024-01-01,0,0,0,Cloudy,29,31
2024-01-02,1,0,0,Clear,29,71
2024-01-03,2,0,0,Clear,32,31
2024-01-04,3,0,0,Cloudy,29,25
2024-01-05,4,0,0,Cloudy,28,62
2024-01-06,5,1,0,Clear,31,140
2024-01-07,6,1,0,Clear,32,65
2024-01-08,0,0,0,Clear,29,71
2024-01-09,1,0,0,Clear,29,80
2024-01-10,2,0,0,Cloudy,27,33
2024-01-11,3,0,0,Clear,31,42
2024-01-12,4,0,0,Cloudy,28,24
2024-01-13,5,1,0,Clear,32,138
2024-01-14,6,1,0,Clear,32,134
2024-01-15,0,0,1,Cloudy,28,85
2024-01-16,1,0,0,Clear,29,16
2024-01-17,2,0,0,Cloudy,29,40
2024-01-18,3,0,0,Cloudy,29,39
2024-01-19,4,0,0,Clear,30,27
2024-01-20,5,1,0,Cloudy,28,116
2024-01-21,6,1,0,Clear,29,161
2024-01-22,0,0,0,Clear,30,71
2024-01-23,1,0,0,Rainy,24,14
2024-01-24,2,0,0,Clear,29,61
2024-01-25,3,0,1,Clear,29,164
2024-01-26,4,0,0,Rainy,24,10
2024-01-27,5,1,0,Clear,29,124
2024-01-28,6,1,0,Cloudy,29,85
2024-01-29,0,0,0,Rainy,26,27
2024-01-30,1,0,0,Clear,32,84
2024-01-31,2,0,0,Clear,32,61
2024-02-01,3,0,0,Clear,30,68
2024-02-02,4,0,0,Cloudy,27,63
2024-02-03,5,1,0,Clear,32,149
2024-02-04,6,1,1,Clear,29,243
2024-02-05,0,0,0,Clear,32,62
2024-02-06,1,0,0,Clear,32,61
2024-02-07,2,0,0,Cloudy,27,66
2024-02-08,3,0,0,Clear,30,26
2024-02-09,4,0,0,Cloudy,29,57
2024-02-10,5,1,0,Cloudy,29,122
2024-02-11,6,1,0,Cloudy,27,76
2024-02-12,0,0,0,Clear,32,78
2024-02-13,1,0,0,Clear,30,45
2024-02-14,2,0,0,Cloudy,27,64
2024-02-15,3,0,0,Cloudy,28,58
2024-02-16,4,0,0,Rainy,25,28
2024-02-17,5,1,0,Clear,31,123
2024-02-18,6,1,0,Clear,30,97
2024-02-19,0,0,0,Cloudy,27,85
2024-02-20,1,0,0,Clear,29,88
2024-02-21,2,0,0,Rainy,26,32
2024-02-22,3,0,0,Clear,32,52
2024-02-23,4,0,1,Clear,32,165
2024-02-24,5,1,0,Rainy,24,43
2024-02-25,6,1,0,Clear,31,113
2024-02-26,0,0,0,Cloudy,29,36
2024-02-27,1,0,0,Rainy,26,33
2024-02-28,2,0,0,Clear,31,64
2024-02-29,3,0,0,Cloudy,29,52
2024-03-01,4,0,0,Clear,29,75
2024-03-02,5,1,0,Cloudy,29,103
2024-03-03,6,1,0,Cloudy,28,116
2024-03-04,0,0,0,Cloudy,28,38
2024-03-05,1,0,0,Clear,32,49
2024-03-06,2,0,0,Clear,29,70
2024-03-07,3,0,0,Rainy,24,10
2024-03-08,4,0,1,Clear,30,139
2024-03-09,5,1,0,Clear,31,132
2024-03-10,6,1,0,Clear,30,84
2024-03-11,0,0,0,Cloudy,29,57
2024-03-12,1,0,0,Clear,31,79
2024-03-13,2,0,0,Clear,31,74
2024-03-14,3,0,0,Clear,30,45
2024-03-15,4,0,0,Clear,31,37
2024-03-16,5,1,0,Cloudy,29,117
2024-03-17,6,1,0,Clear,30,100
2024-03-18,0,0,0,Clear,31,58
2024-03-19,1,0,0,Cloudy,29,30
2024-03-20,2,0,0,Clear,31,60
2024-03-21,3,0,0,Rainy,25,16
2024-03-22,4,0,0,Clear,30,65
2024-03-23,5,1,0,Rainy,26,57
2024-03-24,6,1,1,Clear,29,213
2024-03-25,0,0,0,Clear,30,79
2024-03-26,1,0,0,Rainy,26,10
2024-03-27,2,0,0,Clear,32,70
2024-03-28,3,0,0,Cloudy,28,54
2024-03-29,4,0,1,Clear,31,203
2024-03-30,5,1,0,Clear,31,127
2024-03-31,6,1,0,Rainy,26,93
2024-04-01,0,0,0,Cloudy,29,26
2024-04-02,1,0,0,Cloudy,28,61
2024-04-03,2,0,0,Clear,30,34
2024-04-04,3,0,0,Clear,31,95
2024-04-05,4,0,0,Clear,30,71
2024-04-06,5,1,0,Cloudy,28,103
2024-04-07,6,1,0,Clear,32,139
2024-04-08,0,0,0,Cloudy,29,53
2024-04-09,1,0,0,Clear,32,83
2024-04-10,2,0,0,Clear,29,80
2024-04-11,3,0,1,Rainy,26,118
2024-04-12,4,0,1,Clear,32,144
2024-04-13,5,1,1,Clear,31,213
2024-04-14,6,1,0,Clear,30,146
2024-04-15,0,0,1,Cloudy,27,169
2024-04-16,1,0,0,Cloudy,29,71
2024-04-17,2,0,0,Clear,32,63
2024-04-18,3,0,0,Clear,31,69
2024-04-19,4,0,0,Clear,30,96
2024-04-20,5,1,0,Cloudy,29,67
2024-04-21,6,1,0,Clear,30,139
2024-04-22,0,0,0,Clear,31,85
2024-04-23,1,0,1,Clear,32,126
2024-04-24,2,0,0,Rainy,24,47
2024-04-25,3,0,0,Clear,29,67
2024-04-26,4,0,0,Clear,29,48
2024-04-27,5,1,0,Clear,30,107
2024-04-28,6,1,0,Clear,32,130
2024-04-29,0,0,0,Cloudy,27,29
2024-04-30,1,0,0,Rainy,24,10
2024-05-01,2,0,1,Rainy,25,92
2024-05-02,3,0,0,Rainy,24,10
2024-05-03,4,0,0,Cloudy,29,41
2024-05-04,5,1,0,Rainy,24,60
2024-05-05,6,1,0,Rainy,25,81
2024-05-06,0,0,0,Rainy,24,10
2024-05-07,1,0,0,Clear,29,52
2024-05-08,2,0,0,Rainy,24,34
2024-05-09,3,0,0,Clear,31,40
2024-05-10,4,0,0,Rainy,25,10
2024-05-11,5,1,0,Clear,31,123
2024-05-12,6,1,0,Clear,32,77
2024-05-13,0,0,0,Rainy,24,31
2024-05-14,1,0,0,Rainy,25,54
2024-05-15,2,0,0,Cloudy,29,73
2024-05-16,3,0,0,Cloudy,29,70
2024-05-17,4,0,0,Rainy,24,19
2024-05-18,5,1,0,Rainy,26,87
2024-05-19,6,1,0,Rainy,26,102
2024-05-20,0,0,0,Rainy,26,17
2024-05-21,1,0,0,Rainy,25,28
2024-05-22,2,0,0,Rainy,25,10
2024-05-23,3,0,1,Rainy,25,89
2024-05-24,4,0,1,Rainy,26,129
2024-05-25,5,1,0,Cloudy,28,166
2024-05-26,6,1,0,Rainy,25,102
2024-05-27,0,0,0,Clear,29,51
2024-05-28,1,0,0,Rainy,24,22
2024-05-29,2,0,0,Cloudy,29,90
2024-05-30,3,0,0,Cloudy,27,59
2024-05-31,4,0,0,Cloudy,29,30
2024-06-01,5,1,0,Clear,31,126
2024-06-02,6,1,0,Clear,30,143
2024-06-03,0,0,0,Rainy,26,29
2024-06-04,1,0,0,Cloudy,28,40
2024-06-05,2,0,0,Rainy,24,36
2024-06-06,3,0,0,Rainy,26,19
2024-06-07,4,0,0,Rainy,24,10
2024-06-08,5,1,0,Rainy,25,91
2024-06-09,6,1,0,Rainy,25,91
2024-06-10,0,0,0,Rainy,26,21
2024-06-11,1,0,0,Rainy,26,10
2024-06-12,2,0,0,Rainy,26,17
2024-06-13,3,0,0,Clear,31,104
2024-06-14,4,0,0,Rainy,25,29
2024-06-15,5,1,0,Rainy,25,64
2024-06-16,6,1,0,Clear,29,180
2024-06-17,0,0,1,Rainy,24,41
2024-06-18,1,0,0,Rainy,25,29
2024-06-19,2,0,0,Rainy,24,10
2024-06-20,3,0,0,Rainy,26,10
2024-06-21,4,0,1,Cloudy,28,184
2024-06-22,5,1,0,Rainy,26,98
2024-06-23,6,1,0,Rainy,24,98
2024-06-24,0,0,0,Cloudy,28,63
2024-06-25,1,0,0,Rainy,26,39
2024-06-26,2,0,0,Rainy,26,36
2024-06-27,3,0,0,Clear,32,102
2024-06-28,4,0,0,Rainy,26,40
2024-06-29,5,1,0,Cloudy,27,123
2024-06-30,6,1,0,Rainy,24,89
2024-07-01,0,0,0,Rainy,25,10
2024-07-02,1,0,0,Rainy,25,10
2024-07-03,2,0,0,Cloudy,29,14
2024-07-04,3,0,0,Rainy,24,10
2024-07-05,4,0,0,Rainy,25,49
2024-07-06,5,1,0,Rainy,24,61
2024-07-07,6,1,0,Rainy,24,75
2024-07-08,0,0,0,Rainy,24,10
2024-07-09,1,0,0,Rainy,25,10
2024-07-10,2,0,0,Cloudy,29,22
2024-07-11,3,0,0,Rainy,24,32
2024-07-12,4,0,0,Cloudy,29,10
2024-07-13,5,1,0,Clear,29,138
2024-07-14,6,1,0,Cloudy,28,115
2024-07-15,0,0,0,Clear,29,51
2024-07-16,1,0,0,Clear,29,54
2024-07-17,2,0,0,Clear,32,49
2024-07-18,3,0,0,Cloudy,27,55
2024-07-19,4,0,0,Rainy,25,17
2024-07-20,5,1,1,Cloudy,29,202
2024-07-21,6,1,0,Rainy,25,97
2024-07-22,0,0,0,Cloudy,27,45
2024-07-23,1,0,0,Clear,31,51
2024-07-24,2,0,0,Rainy,25,10
2024-07-25,3,0,0,Clear,32,32
2024-07-26,4,0,0,Rainy,26,71
2024-07-27,5,1,0,Clear,30,150
2024-07-28,6,1,0,Rainy,25,50
2024-07-29,0,0,0,Cloudy,27,78
2024-07-30,1,0,0,Clear,29,46
2024-07-31,2,0,0,Clear,29,40
2024-08-01,3,0,0,Clear,29,57
2024-08-02,4,0,0,Rainy,25,13
2024-08-03,5,1,0,Clear,30,126
2024-08-04,6,1,0,Clear,32,98
2024-08-05,0,0,0,Clear,29,50
2024-08-06,1,0,0,Cloudy,28,63
2024-08-07,2,0,0,Clear,31,29
2024-08-08,3,0,0,Cloudy,27,40
2024-08-09,4,0,0,Clear,30,38
2024-08-10,5,1,0,Rainy,24,59
2024-08-11,6,1,0,Cloudy,29,69
2024-08-12,0,0,0,Cloudy,27,10
2024-08-13,1,0,0,Clear,30,45
2024-08-14,2,0,0,Clear,32,59
2024-08-15,3,0,0,Rainy,24,12
2024-08-16,4,0,0,Clear,29,97
2024-08-17,5,1,0,Rainy,25,114
2024-08-18,6,1,0,Clear,32,129
2024-08-19,0,0,1,Clear,31,159
2024-08-20,1,0,0,Clear,31,89
2024-08-21,2,0,0,Cloudy,28,83
2024-08-22,3,0,0,Cloudy,29,34
2024-08-23,4,0,0,Clear,31,48
2024-08-24,5,1,0,Clear,31,162
2024-08-25,6,1,0,Clear,29,131
2024-08-26,0,0,0,Clear,31,52
2024-08-27,1,0,0,Cloudy,29,68
2024-08-28,2,0,0,Rainy,25,41
2024-08-29,3,0,0,Clear,31,54
2024-08-30,4,0,0,Clear,30,78
2024-08-31,5,1,0,Clear,31,113
2024-09-01,6,1,0,Clear,31,150
2024-09-02,0,0,0,Rainy,24,46
2024-09-03,1,0,0,Cloudy,27,74
2024-09-04,2,0,0,Clear,32,50
2024-09-05,3,0,0,Clear,32,68
2024-09-06,4,0,0,Cloudy,27,63
2024-09-07,5,1,0,Clear,30,153
2024-09-08,6,1,0,Cloudy,27,85
2024-09-09,0,0,0,Clear,30,80
2024-09-10,1,0,0,Clear,29,61
2024-09-11,2,0,0,Clear,30,81
2024-09-12,3,0,0,Clear,32,36
2024-09-13,4,0,0,Clear,31,39
2024-09-14,5,1,0,Cloudy,27,106
2024-09-15,6,1,0,Rainy,24,41
2024-09-16,0,0,1,Clear,31,147
2024-09-17,1,0,1,Cloudy,28,141
2024-09-18,2,0,0,Clear,30,49
2024-09-19,3,0,0,Clear,29,63
2024-09-20,4,0,0,Clear,30,59
2024-09-21,5,1,0,Clear,32,169
2024-09-22,6,1,0,Clear,31,132
2024-09-23,0,0,0,Cloudy,27,28
2024-09-24,1,0,0,Rainy,25,21
2024-09-25,2,0,0,Rainy,24,35
2024-09-26,3,0,0,Clear,30,43
2024-09-27,4,0,0,Cloudy,29,28
2024-09-28,5,1,0,Rainy,26,41
2024-09-29,6,1,1,Clear,30,199
2024-09-30,0,0,0,Clear,29,69
2024-10-01,1,0,0,Rainy,25,10
2024-10-02,2,0,0,Rainy,25,10
2024-10-03,3,0,0,Rainy,25,57
2024-10-04,4,0,0,Rainy,26,45
2024-10-05,5,1,0,Rainy,24,85
2024-10-06,6,1,0,Cloudy,29,132
2024-10-07,0,0,0,Rainy,26,19
2024-10-08,1,0,0,Rainy,26,38
2024-10-09,2,0,0,Rainy,25,29
2024-10-10,3,0,0,Cloudy,29,24
2024-10-11,4,0,0,Rainy,26,35
2024-10-12,5,1,0,Cloudy,29,104
2024-10-13,6,1,0,Cloudy,27,104
2024-10-14,0,0,0,Rainy,24,36
2024-10-15,1,0,0,Clear,32,68
2024-10-16,2,0,0,Rainy,24,10
2024-10-17,3,0,1,Cloudy,29,135
2024-10-18,4,0,0,Rainy,26,17
2024-10-19,5,1,0,Rainy,25,113
2024-10-20,6,1,0,Rainy,25,69
2024-10-21,0,0,0,Cloudy,28,58
2024-10-22,1,0,0,Rainy,24,33
2024-10-23,2,0,0,Rainy,24,44
2024-10-24,3,0,0,Cloudy,28,74
2024-10-25,4,0,0,Rainy,26,10
2024-10-26,5,1,0,Rainy,24,103
2024-10-27,6,1,0,Rainy,24,84
2024-10-28,0,0,0,Rainy,25,50
2024-10-29,1,0,0,Rainy,25,61
2024-10-30,2,0,0,Rainy,26,10
2024-10-31,3,0,1,Clear,31,116
2024-11-01,4,0,0,Rainy,24,25
2024-11-02,5,1,0,Cloudy,27,77
2024-11-03,6,1,0,Clear,30,162
2024-11-04,0,0,0,Rainy,24,29
2024-11-05,1,0,0,Clear,29,70
2024-11-06,2,0,0,Rainy,26,15
2024-11-07,3,0,0,Clear,31,95
2024-11-08,4,0,0,Cloudy,28,56
2024-11-09,5,1,0,Rainy,24,84
2024-11-10,6,1,0,Rainy,26,36
2024-11-11,0,0,0,Rainy,26,49
2024-11-12,1,0,0,Rainy,25,10
2024-11-13,2,0,0,Rainy,26,18
2024-11-14,3,0,0,Cloudy,28,59
2024-11-15,4,0,1,Cloudy,29,124
2024-11-16,5,1,0,Rainy,24,98
2024-11-17,6,1,0,Rainy,26,64
2024-11-18,0,0,0,Clear,31,96
2024-11-19,1,0,0,Clear,30,64
2024-11-20,2,0,0,Rainy,25,10
2024-11-21,3,0,0,Cloudy,29,57
2024-11-22,4,0,0,Clear,29,79
2024-11-23,5,1,0,Rainy,24,40
2024-11-24,6,1,0,Cloudy,28,83
2024-11-25,0,0,0,Rainy,26,17
2024-11-26,1,0,0,Rainy,24,29
2024-11-27,2,0,0,Clear,31,84
2024-11-28,3,0,0,Rainy,24,10
2024-11-29,4,0,0,Cloudy,27,51
2024-11-30,5,1,0,Cloudy,29,84
2024-12-01,6,1,0,Clear,31,122
2024-12-02,0,0,0,Clear,29,39
2024-12-03,1,0,0,Clear,32,37
2024-12-04,2,0,0,Clear,32,62
2024-12-05,3,0,0,Clear,29,76
2024-12-06,4,0,0,Rainy,25,37
2024-12-07,5,1,0,Rainy,24,134
2024-12-08,6,1,0,Rainy,26,66
2024-12-09,0,0,0,Clear,31,75
2024-12-10,1,0,0,Rainy,24,62
2024-12-11,2,0,0,Clear,32,31
2024-12-12,3,0,0,Cloudy,29,54
2024-12-13,4,0,0,Clear,29,56
2024-12-14,5,1,1,Clear,29,222
2024-12-15,6,1,0,Cloudy,27,69
2024-12-16,0,0,0,Clear,31,58
2024-12-17,1,0,0,Clear,31,78
2024-12-18,2,0,0,Clear,32,47
2024-12-19,3,0,0,Clear,31,52
2024-12-20,4,0,0,Cloudy,28,79
2024-12-21,5,1,0,Clear,32,142
2024-12-22,6,1,0,Clear,32,118
2024-12-23,0,0,0,Rainy,26,45
2024-12-24,1,0,0,Clear,29,64
2024-12-25,2,0,1,Clear,31,97
2024-12-26,3,0,0,Cloudy,29,27
2024-12-27,4,0,0,Clear,32,52
2024-12-28,5,1,0,Cloudy,28,120
2024-12-29,6,1,0,Clear,29,113
2024-12-30,0,0,0,Cloudy,28,22
2024-12-31,1,0,0,Cloudy,29,46
2025-01-01,2,0,0,Clear,29,77
2025-01-02,3,0,0,Clear,30,36
2025-01-03,4,0,0,Cloudy,29,53
2025-01-04,5,1,0,Cloudy,27,170
2025-01-05,6,1,0,Clear,31,103
2025-01-06,0,0,0,Rainy,24,10
2025-01-07,1,0,0,Clear,31,51
2025-01-08,2,0,0,Clear,32,57
2025-01-09,3,0,0,Rainy,26,31
2025-01-10,4,0,0,Clear,30,58
2025-01-11,5,1,0,Cloudy,27,156
2025-01-12,6,1,0,Clear,32,122
2025-01-13,0,0,1,Rainy,24,96
2025-01-14,1,0,1,Rainy,25,85
2025-01-15,2,0,0,Rainy,24,41
2025-01-16,3,0,0,Clear,31,28
2025-01-17,4,0,0,Cloudy,29,42
2025-01-18,5,1,0,Clear,32,159
2025-01-19,6,1,0,Rainy,24,90
2025-01-20,0,0,0,Cloudy,28,42
2025-01-21,1,0,0,Cloudy,29,82
2025-01-22,2,0,0,Clear,32,78
2025-01-23,3,0,0,Clear,30,102
2025-01-24,4,0,0,Clear,30,40
2025-01-25,5,1,0,Clear,30,133
2025-01-26,6,1,0,Clear,32,105
2025-01-27,0,0,0,Clear,29,89
2025-01-28,1,0,0,Cloudy,29,68
2025-01-29,2,0,0,Rainy,25,35
2025-01-30,3,0,0,Clear,32,68
2025-01-31,4,0,0,Clear,32,92
2025-02-01,5,1,0,Clear,29,153
2025-02-02,6,1,0,Clear,30,121
2025-02-03,0,0,0,Cloudy,29,60
2025-02-04,1,0,1,Cloudy,29,175
2025-02-05,2,0,0,Clear,31,62
2025-02-06,3,0,0,Clear,31,42
2025-02-07,4,0,0,Clear,30,36
2025-02-08,5,1,0,Clear,30,118
2025-02-09,6,1,0,Rainy,25,83
2025-02-10,0,0,0,Clear,32,45
2025-02-11,1,0,0,Clear,31,76
2025-02-12,2,0,1,Clear,29,160
2025-02-13,3,0,0,Clear,32,76
2025-02-14,4,0,0,Clear,30,28
2025-02-15,5,1,0,Cloudy,27,125
2025-02-16,6,1,0,Clear,30,138
2025-02-17,0,0,0,Cloudy,28,69
2025-02-18,1,0,0,Clear,32,56
2025-02-19,2,0,0,Clear,29,56
2025-02-20,3,0,0,Rainy,25,46
2025-02-21,4,0,0,Cloudy,28,31
2025-02-22,5,1,0,Rainy,26,100
2025-02-23,6,1,0,Clear,30,97
2025-02-24,0,0,0,Cloudy,29,19
2025-02-25,1,0,0,Clear,32,47
2025-02-26,2,0,1,Clear,31,112
2025-02-27,3,0,0,Cloudy,27,51
2025-02-28,4,0,0,Cloudy,28,73
2025-03-01,5,1,0,Clear,30,161
2025-03-02,6,1,0,Clear,29,99
2025-03-03,0,0,0,Rainy,25,18
2025-03-04,1,0,0,Cloudy,28,65
2025-03-05,2,0,0,Rainy,24,27
2025-03-06,3,0,0,Clear,29,91
2025-03-07,4,0,0,Rainy,24,10
2025-03-08,5,1,0,Rainy,26,80
2025-03-09,6,1,0,Rainy,25,55
2025-03-10,0,0,0,Clear,29,43
2025-03-11,1,0,0,Clear,30,89
2025-03-12,2,0,0,Clear,30,67
2025-03-13,3,0,1,Clear,30,119
2025-03-14,4,0,0,Clear,29,56
2025-03-15,5,1,0,Clear,31,115
2025-03-16,6,1,0,Clear,30,125
2025-03-17,0,0,0,Clear,30,43
2025-03-18,1,0,0,Clear,30,29
2025-03-19,2,0,0,Clear,29,100
2025-03-20,3,0,0,Clear,32,82
2025-03-21,4,0,0,Cloudy,27,68
2025-03-22,5,1,0,Cloudy,29,120
2025-03-23,6,1,0,Clear,32,144
2025-03-24,0,0,0,Cloudy,27,26
2025-03-25,1,0,0,Rainy,26,36
2025-03-26,2,0,0,Clear,32,51
2025-03-27,3,0,0,Clear,31,63
2025-03-28,4,0,0,Clear,29,43
2025-03-29,5,1,0,Clear,31,101
2025-03-30,6,1,0,Cloudy,27,61
2025-03-31,0,0,1,Cloudy,28,106
2025-04-01,1,0,0,Clear,31,37
2025-04-02,2,0,0,Clear,31,40
2025-04-03,3,0,0,Clear,30,33
2025-04-04,4,0,0,Rainy,26,32
2025-04-05,5,1,0,Clear,32,73
2025-04-06,6,1,0,Clear,32,144
2025-04-07,0,0,0,Clear,30,50
2025-04-08,1,0,0,Clear,32,40
2025-04-09,2,0,0,Clear,29,65
2025-04-10,3,0,0,Rainy,24,10
2025-04-11,4,0,0,Rainy,24,60
2025-04-12,5,1,1,Clear,30,211
2025-04-13,6,1,1,Clear,31,244
2025-04-14,0,0,1,Clear,29,192
2025-04-15,1,0,0,Clear,31,40
2025-04-16,2,0,0,Clear,30,84
2025-04-17,3,0,0,Cloudy,29,53
2025-04-18,4,0,1,Clear,30,173
2025-04-19,5,1,0,Cloudy,28,90
2025-04-20,6,1,0,Cloudy,28,122
2025-04-21,0,0,0,Rainy,26,10
2025-04-22,1,0,0,Clear,29,40
2025-04-23,2,0,0,Clear,31,43
2025-04-24,3,0,0,Cloudy,29,59
2025-04-25,4,0,0,Clear,31,79
2025-04-26,5,1,0,Clear,31,108
2025-04-27,6,1,0,Clear,32,80
2025-04-28,0,0,0,Clear,32,36
2025-04-29,1,0,0,Clear,31,61
2025-04-30,2,0,0,Clear,29,74
2025-05-01,3,0,1,Clear,31,180
2025-05-02,4,0,0,Rainy,25,14
2025-05-03,5,1,0,Rainy,24,94
2025-05-04,6,1,0,Clear,32,130
2025-05-05,0,0,0,Cloudy,28,74
2025-05-06,1,0,0,Cloudy,29,72
2025-05-07,2,0,0,Cloudy,27,44
2025-05-08,3,0,0,Cloudy,28,49
2025-05-09,4,0,0,Rainy,26,12
2025-05-10,5,1,0,Cloudy,29,105
2025-05-11,6,1,0,Rainy,24,112
2025-05-12,0,0,1,Rainy,25,78
2025-05-13,1,0,1,Rainy,26,159
2025-05-14,2,0,0,Cloudy,28,41
2025-05-15,3,0,0,Rainy,26,10
2025-05-16,4,0,0,Rainy,24,15
2025-05-17,5,1,0,Rainy,24,59
2025-05-18,6,1,0,Clear,31,151
2025-05-19,0,0,0,Cloudy,28,62
2025-05-20,1,0,0,Rainy,26,43
2025-05-21,2,0,0,Clear,30,53
2025-05-22,3,0,0,Rainy,26,23
2025-05-23,4,0,0,Rainy,25,56
2025-05-24,5,1,0,Rainy,26,40
2025-05-25,6,1,0,Rainy,25,99
2025-05-26,0,0,0,Clear,29,67
2025-05-27,1,0,0,Clear,32,33
2025-05-28,2,0,0,Rainy,25,10
2025-05-29,3,0,0,Rainy,25,10
2025-05-30,4,0,0,Rainy,25,40
2025-05-31,5,1,0,Rainy,26,112
2025-06-01,6,1,0,Rainy,25,50
2025-06-02,0,0,0,Rainy,24,10
2025-06-03,1,0,0,Rainy,25,46
2025-06-04,2,0,0,Rainy,25,40
2025-06-05,3,0,0,Rainy,24,26
2025-06-06,4,0,0,Rainy,24,21
2025-06-07,5,1,1,Rainy,26,114
2025-06-08,6,1,0,Rainy,25,109
2025-06-09,0,0,0,Clear,30,53
2025-06-10,1,0,1,Clear,30,119
2025-06-11,2,0,0,Cloudy,27,48
2025-06-12,3,0,0,Rainy,26,21
2025-06-13,4,0,0,Rainy,26,58
2025-06-14,5,1,0,Rainy,24,101
2025-06-15,6,1,0,Clear,29,95
2025-06-16,0,0,0,Clear,31,68
2025-06-17,1,0,0,Clear,32,59
2025-06-18,2,0,0,Clear,30,41
2025-06-19,3,0,0,Cloudy,29,75
2025-06-20,4,0,0,Rainy,24,10
2025-06-21,5,1,0,Rainy,25,143
2025-06-22,6,1,0,Clear,32,155
2025-06-23,0,0,0,Clear,29,82
2025-06-24,1,0,0,Rainy,26,14
2025-06-25,2,0,0,Rainy,24,43
2025-06-26,3,0,0,Cloudy,28,63
2025-06-27,4,0,0,Rainy,25,10
2025-06-28,5,1,0,Rainy,26,78
2025-06-29,6,1,0,Rainy,25,82
2025-06-30,0,0,0,Cloudy,27,64
2025-07-01,1,0,0,Rainy,26,20
2025-07-02,2,0,0,Rainy,25,48
2025-07-03,3,0,0,Rainy,26,34
2025-07-04,4,0,0,Clear,29,22
2025-07-05,5,1,0,Clear,30,150
2025-07-06,6,1,0,Rainy,26,105
2025-07-07,0,0,0,Rainy,26,10
2025-07-08,1,0,0,Rainy,24,10
2025-07-09,2,0,0,Rainy,26,31
2025-07-10,3,0,1,Cloudy,27,108
2025-07-11,4,0,0,Rainy,25,37
2025-07-12,5,1,0,Clear,29,129
2025-07-13,6,1,0,Clear,31,144
2025-07-14,0,0,0,Clear,30,26
2025-07-15,1,0,0,Cloudy,28,42
2025-07-16,2,0,0,Rainy,24,10
2025-07-17,3,0,0,Cloudy,27,47
2025-07-18,4,0,0,Rainy,24,10
2025-07-19,5,1,0,Rainy,26,98
2025-07-20,6,1,0,Rainy,24,77
2025-07-21,0,0,0,Rainy,26,10
2025-07-22,1,0,0,Cloudy,29,74
2025-07-23,2,0,0,Cloudy,28,43
2025-07-24,3,0,0,Cloudy,29,30
2025-07-25,4,0,0,Rainy,25,42
2025-07-26,5,1,0,Rainy,26,130
2025-07-27,6,1,0,Rainy,24,71
2025-07-28,0,0,0,Cloudy,28,47
2025-07-29,1,0,0,Rainy,26,10
2025-07-30,2,0,0,Cloudy,27,25
2025-07-31,3,0,0,Clear,32,72
2025-08-01,4,0,0,Clear,29,55
2025-08-02,5,1,0,Clear,31,131
2025-08-03,6,1,0,Clear,30,112
2025-08-04,0,0,0,Rainy,24,10
2025-08-05,1,0,0,Clear,32,71
2025-08-06,2,0,0,Clear,30,43
2025-08-07,3,0,0,Rainy,26,10
2025-08-08,4,0,1,Clear,30,141
2025-08-09,5,1,0,Cloudy,29,85
2025-08-10,6,1,0,Clear,32,99
2025-08-11,0,0,0,Rainy,25,10
2025-08-12,1,0,0,Clear,29,34
2025-08-13,2,0,0,Clear,31,81
2025-08-14,3,0,0,Cloudy,28,57
2025-08-15,4,0,0,Rainy,26,21
2025-08-16,5,1,0,Clear,32,120
2025-08-17,6,1,0,Cloudy,29,129
2025-08-18,0,0,0,Rainy,26,10
2025-08-19,1,0,0,Cloudy,29,76
2025-08-20,2,0,0,Clear,29,96
2025-08-21,3,0,0,Clear,29,65
2025-08-22,4,0,0,Rainy,25,10
2025-08-23,5,1,0,Clear,32,135
2025-08-24,6,1,0,Clear,32,145
2025-08-25,0,0,0,Clear,29,40
2025-08-26,1,0,0,Clear,30,93
2025-08-27,2,0,0,Clear,31,32
2025-08-28,3,0,0,Clear,30,50
2025-08-29,4,0,0,Cloudy,27,78
2025-08-30,5,1,0,Rainy,24,32
2025-08-31,6,1,0,Cloudy,28,118
2025-09-01,0,0,0,Clear,30,33
2025-09-02,1,0,0,Clear,30,37
2025-09-03,2,0,0,Clear,31,54
2025-09-04,3,0,0,Clear,29,73
2025-09-05,4,0,1,Clear,30,118
2025-09-06,5,1,0,Rainy,25,124
2025-09-07,6,1,1,Clear,32,228
2025-09-08,0,0,0,Clear,29,71
2025-09-09,1,0,0,Rainy,24,24
2025-09-10,2,0,0,Cloudy,28,10
2025-09-11,3,0,0,Clear,31,49
2025-09-12,4,0,0,Clear,29,56
2025-09-13,5,1,0,Clear,29,125
2025-09-14,6,1,0,Cloudy,28,169
2025-09-15,0,0,0,Clear,30,47
2025-09-16,1,0,0,Clear,31,46
2025-09-17,2,0,0,Cloudy,27,45
2025-09-18,3,0,0,Clear,29,32
2025-09-19,4,0,0,Clear,32,63
2025-09-20,5,1,0,Cloudy,27,92
2025-09-21,6,1,0,Clear,31,141
2025-09-22,0,0,0,Rainy,25,10
2025-09-23,1,0,0,Clear,30,90
2025-09-24,2,0,0,Clear,29,70
2025-09-25,3,0,0,Clear,31,84
2025-09-26,4,0,0,Clear,31,59
2025-09-27,5,1,0,Clear,31,166
2025-09-28,6,1,0,Cloudy,27,131
2025-09-29,0,0,0,Rainy,26,27
2025-09-30,1,0,0,Clear,31,50
2025-10-01,2,0,0,Rainy,25,36
2025-10-02,3,0,0,Rainy,26,45
2025-10-03,4,0,0,Rainy,24,10
2025-10-04,5,1,0,Rainy,26,78
2025-10-05,6,1,0,Rainy,24,143
2025-10-06,0,0,1,Clear,32,136
2025-10-07,1,0,0,Clear,31,93
2025-10-08,2,0,0,Cloudy,29,40
2025-10-09,3,0,0,Rainy,24,17
2025-10-10,4,0,0,Rainy,25,18
2025-10-11,5,1,0,Clear,31,105
2025-10-12,6,1,0,Rainy,25,103
2025-10-13,0,0,0,Rainy,26,10
2025-10-14,1,0,0,Rainy,24,60
2025-10-15,2,0,0,Rainy,26,14
2025-10-16,3,0,0,Rainy,24,10
2025-10-17,4,0,0,Cloudy,28,34
2025-10-18,5,1,0,Clear,31,153
2025-10-19,6,1,0,Rainy,25,116
2025-10-20,0,0,1,Rainy,24,114
2025-10-21,1,0,0,Rainy,26,47
2025-10-22,2,0,0,Rainy,26,10
2025-10-23,3,0,0,Rainy,25,10
2025-10-24,4,0,0,Cloudy,28,58
2025-10-25,5,1,0,Clear,29,114
2025-10-26,6,1,0,Rainy,25,88
2025-10-27,0,0,0,Rainy,24,47
2025-10-28,1,0,0,Rainy,26,10
2025-10-29,2,0,0,Rainy,25,10
2025-10-30,3,0,0,Rainy,26,10
2025-10-31,4,0,0,Rainy,25,10
2025-11-01,5,1,0,Rainy,25,109
2025-11-02,6,1,0,Cloudy,27,60
2025-11-03,0,0,0,Rainy,25,38
2025-11-04,1,0,0,Rainy,25,10
2025-11-05,2,0,1,Rainy,26,116
2025-11-06,3,0,0,Rainy,25,29
2025-11-07,4,0,0,Rainy,25,10
2025-11-08,5,1,0,Rainy,24,108
2025-11-09,6,1,0,Rainy,26,79
2025-11-10,0,0,0,Clear,30,82
2025-11-11,1,0,0,Cloudy,29,48
2025-11-12,2,0,0,Clear,32,58
2025-11-13,3,0,0,Rainy,26,17
2025-11-14,4,0,0,Rainy,25,10
2025-11-15,5,1,0,Rainy,24,95
2025-11-16,6,1,0,Rainy,25,100
2025-11-17,0,0,0,Clear,31,56
2025-11-18,1,0,0,Cloudy,29,56
2025-11-19,2,0,0,Cloudy,28,67
2025-11-20,3,0,0,Rainy,24,18
2025-11-21,4,0,0,Rainy,24,32
2025-11-22,5,1,0,Clear,32,129
2025-11-23,6,1,0,Rainy,26,77
2025-11-24,0,0,0,Cloudy,28,10
2025-11-25,1,0,0,Rainy,26,17
2025-11-26,2,0,0,Rainy,26,69
2025-11-27,3,0,0,Rainy,25,40
2025-11-28,4,0,0,Rainy,25,18
2025-11-29,5,1,0,Clear,30,102
2025-11-30,6,1,0,Rainy,24,48
2025-12-01,0,0,0,Clear,29,77
2025-12-02,1,0,0,Clear,29,76
2025-12-03,2,0,0,Clear,29,38
2025-12-04,3,0,1,Clear,31,113
2025-12-05,4,0,0,Rainy,26,10
2025-12-06,5,1,0,Clear,32,96
2025-12-07,6,1,0,Clear,32,134
2025-12-08,0,0,0,Cloudy,27,48
2025-12-09,1,0,0,Cloudy,29,36
2025-12-10,2,0,0,Rainy,26,10
2025-12-11,3,0,0,Cloudy,28,80
2025-12-12,4,0,0,Clear,32,55
2025-12-13,5,1,0,Clear,32,118
2025-12-14,6,1,0,Rainy,25,62
2025-12-15,0,0,0,Clear,32,80
2025-12-16,1,0,0,Clear,32,85
2025-12-17,2,0,0,Rainy,24,34
2025-12-18,3,0,0,Cloudy,28,37
2025-12-19,4,0,0,Clear,29,30
2025-12-20,5,1,0,Rainy,25,86
2025-12-21,6,1,0,Cloudy,29,89
2025-12-22,0,0,0,Rainy,24,10
2025-12-23,1,0,0,Clear,30,79
2025-12-24,2,0,0,Clear,30,81
2025-12-25,3,0,1,Cloudy,29,134
2025-12-26,4,0,0,Cloudy,28,61
2025-12-27,5,1,0,Cloudy,29,94
2025-12-28,6,1,0,Clear,29,105
2025-12-29,0,0,0,Clear,31,56
2025-12-30,1,0,0,Cloudy,29,73
2025-12-31,2,0,0,Rainy,25,19
2026-01-01,3,0,0,Clear,30,42
2026-01-02,4,0,0,Rainy,26,33
2026-01-03,5,1,1,Cloudy,29,227
2026-01-04,6,1,0,Rainy,26,73
2026-01-05,0,0,0,Clear,32,86
2026-01-06,1,0,0,Clear,31,80
2026-01-07,2,0,0,Cloudy,29,37
2026-01-08,3,0,0,Clear,32,38
2026-01-09,4,0,0,Clear,31,50
2026-01-10,5,1,0,Cloudy,29,150
2026-01-11,6,1,0,Clear,31,87
2026-01-12,0,0,0,Clear,29,61
2026-01-13,1,0,0,Cloudy,29,56
2026-01-14,2,0,0,Clear,31,33
2026-01-15,3,0,1,Clear,31,131
2026-01-16,4,0,0,Clear,32,67
2026-01-17,5,1,0,Clear,31,100
2026-01-18,6,1,0,Clear,31,117
2026-01-19,0,0,0,Clear,29,52
2026-01-20,1,0,0,Cloudy,29,65
2026-01-21,2,0,0,Clear,32,52
2026-01-22,3,0,0,Clear,32,45
2026-01-23,4,0,0,Rainy,24,70
2026-01-24,5,1,0,Cloudy,27,117
2026-01-25,6,1,0,Rainy,24,105
2026-01-26,0,0,0,Cloudy,27,70
2026-01-27,1,0,0,Clear,30,56
2026-01-28,2,0,0,Cloudy,29,69
2026-01-29,3,0,0,Clear,29,50
2026-01-30,4,0,0,Clear,31,67
2026-01-31,5,1,0,Clear,31,137
2026-02-01,6,1,1,Clear,29,193
2026-02-02,0,0,0,Rainy,24,37
2026-02-03,1,0,0,Rainy,24,10
2026-02-04,2,0,1,Clear,29,151
2026-02-05,3,0,0,Clear,32,24
2026-02-06,4,0,0,Clear,31,91
2026-02-07,5,1,0,Clear,30,142
2026-02-08,6,1,0,Clear,31,108
2026-02-09,0,0,0,Cloudy,29,58
2026-02-10,1,0,0,Cloudy,29,62
2026-02-11,2,0,0,Clear,32,51
2026-02-12,3,0,0,Rainy,26,37
2026-02-13,4,0,0,Cloudy,29,13
2026-02-14,5,1,0,Clear,31,140
2026-02-15,6,1,1,Clear,30,187
2026-02-16,0,0,0,Rainy,24,26
2026-02-17,1,0,0,Clear,29,60
2026-02-18,2,0,0,Cloudy,29,23
2026-02-19,3,0,0,Clear,29,17
2026-02-20,4,0,0,Cloudy,29,41
2026-02-21,5,1,0,Clear,32,102
2026-02-22,6,1,0,Rainy,26,104
2026-02-23,0,0,0,Clear,31,35
2026-02-24,1,0,0,Rainy,25,11
2026-02-25,2,0,0,Rainy,26,10
2026-02-26,3,0,0,Clear,29,72
2026-02-27,4,0,0,Clear,32,55
2026-02-28,5,1,0,Rainy,25,106
2026-03-01,6,1,0,Cloudy,28,118
2026-03-02,0,0,1,Clear,32,151
2026-03-03,1,0,0,Rainy,24,62
2026-03-04,2,0,0,Rainy,25,22
2026-03-05,3,0,0,Clear,30,63
2026-03-06,4,0,0,Clear,32,79
2026-03-07,5,1,0,Cloudy,28,104
2026-03-08,6,1,0,Cloudy,29,117
2026-03-09,0,0,0,Cloudy,29,81
2026-03-10,1,0,0,Clear,31,62
2026-03-11,2,0,0,Clear,29,70
2026-03-12,3,0,0,Clear,31,67
2026-03-13,4,0,0,Clear,30,51
2026-03-14,5,1,0,Rainy,26,97
2026-03-15,6,1,0,Clear,32,140
2026-03-16,0,0,0,Clear,32,59
2026-03-17,1,0,0,Cloudy,29,12
2026-03-18,2,0,0,Clear,29,52
2026-03-19,3,0,0,Rainy,25,11
2026-03-20,4,0,0,Cloudy,29,84
2026-03-21,5,1,1,Cloudy,28,203
2026-03-22,6,1,0,Clear,32,136
2026-03-23,0,0,0,Cloudy,27,84
2026-03-24,1,0,0,Clear,29,63
2026-03-25,2,0,0,Cloudy,27,52
2026-03-26,3,0,0,Cloudy,29,50
2026-03-27,4,0,0,Clear,31,88
2026-03-28,5,1,0,Rainy,26,97
2026-03-29,6,1,0,Rainy,26,99
2026-03-30,0,0,0,Clear,30,54
2026-03-31,1,0,0,Rainy,24,24
2026-04-01,2,0,1,Cloudy,29,154
2026-04-02,3,0,0,Clear,31,102
2026-04-03,4,0,1,Clear,32,163
2026-04-04,5,1,0,Clear,31,146
2026-04-05,6,1,0,Clear,31,183
2026-04-06,0,0,0,Clear,31,64
2026-04-07,1,0,0,Cloudy,28,86
2026-04-08,2,0,0,Rainy,25,44
2026-04-09,3,0,0,Clear,30,48
2026-04-10,4,0,0,Clear,30,24
2026-04-11,5,1,0,Clear,30,108
2026-04-12,6,1,0,Clear,32,135
2026-04-13,0,0,1,Clear,32,121
2026-04-14,1,0,1,Rainy,25,85
2026-04-15,2,0,0,Cloudy,27,67
2026-04-16,3,0,0,Cloudy,27,82
2026-04-17,4,0,0,Cloudy,28,74
2026-04-18,5,1,0,Clear,31,101
2026-04-19,6,1,0,Clear,29,131
2026-04-20,0,0,0,Clear,31,22
2026-04-21,1,0,0,Clear,30,67
2026-04-22,2,0,0,Clear,32,52
2026-04-23,3,0,0,Clear,30,36
2026-04-24,4,0,0,Clear,31,86
2026-04-25,5,1,0,Clear,30,121
2026-04-26,6,1,0,Clear,29,151
2026-04-27,0,0,0,Clear,31,52
2026-04-28,1,0,0,Cloudy,29,67
2026-04-29,2,0,0,Cloudy,29,30
2026-04-30,3,0,0,Clear,31,58
2026-05-01,4,0,1,Rainy,24,121
2026-05-02,5,1,1,Rainy,25,145
2026-05-03,6,1,0,Rainy,26,43
2026-05-04,0,0,0,Cloudy,27,68
2026-05-05,1,0,0,Rainy,25,10
2026-05-06,2,0,0,Rainy,26,13
2026-05-07,3,0,0,Rainy,24,10
2026-05-08,4,0,0,Cloudy,29,49
2026-05-09,5,1,0,Rainy,26,36
2026-05-10,6,1,0,Rainy,25,61
2026-05-11,0,0,0,Rainy,25,10
2026-05-12,1,0,0,Rainy,24,10
2026-05-13,2,0,0,Rainy,24,24
2026-05-14,3,0,0,Rainy,26,24
2026-05-15,4,0,0,Rainy,24,11
2026-05-16,5,1,0,Rainy,25,125
2026-05-17,6,1,0,Clear,31,132
2026-05-18,0,0,0,Rainy,26,14
2026-05-19,1,0,0,Rainy,25,21
2026-05-20,2,0,0,Rainy,26,13
2026-05-21,3,0,0,Rainy,26,32
2026-05-22,4,0,0,Rainy,24,11
2026-05-23,5,1,0,Cloudy,27,138
2026-05-24,6,1,0,Clear,30,142
2026-05-25,0,0,0,Cloudy,28,54
2026-05-26,1,0,0,Cloudy,28,38
2026-05-27,2,0,0,Clear,32,49
2026-05-28,3,0,1,Clear,31,131
2026-05-29,4,0,0,Rainy,26,10
2026-05-30,5,1,1,Rainy,24,163
2026-05-31,6,1,0,Clear,31,134
2026-06-01,0,0,0,Rainy,25,57
2026-06-02,1,0,0,Rainy,26,10
2026-06-03,2,0,0,Clear,32,76
2026-06-04,3,0,0,Clear,30,57
2026-06-05,4,0,0,Rainy,25,45
2026-06-06,5,1,0,Clear,29,127
2026-06-07,6,1,0,Rainy,25,77
2026-06-08,0,0,0,Rainy,26,23
2026-06-09,1,0,0,Cloudy,27,72
2026-06-10,2,0,0,Cloudy,29,42
2026-06-11,3,0,0,Rainy,24,10
2026-06-12,4,0,0,Cloudy,29,76
2026-06-13,5,1,0,Cloudy,29,98
2026-06-14,6,1,0,Cloudy,28,150
2026-06-15,0,0,0,Rainy,24,10
2026-06-16,1,0,0,Rainy,24,10
2026-06-17,2,0,0,Cloudy,27,38
2026-06-18,3,0,0,Rainy,24,30
2026-06-19,4,0,0,Cloudy,27,39
2026-06-20,5,1,0,Rainy,25,23
2026-06-21,6,1,0,Rainy,25,98
2026-06-22,0,0,0,Rainy,25,10
2026-06-23,1,0,0,Rainy,24,10
2026-06-24,2,0,0,Clear,32,50
2026-06-25,3,0,0,Rainy,25,19
2026-06-26,4,0,0,Rainy,25,10
2026-06-27,5,1,0,Cloudy,28,128
2026-06-28,6,1,0,Clear,29,115
2026-06-29,0,0,1,Rainy,24,73
2026-06-30,1,0,0,Rainy,26,10
2026-07-01,2,0,0,Clear,31,72
2026-07-02,3,0,0,Rainy,26,10
2026-07-03,4,0,0,Rainy,26,10
2026-07-04,5,1,0,Rainy,25,41
2026-07-05,6,1,0,Rainy,25,56
2026-07-06,0,0,0,Cloudy,27,39
2026-07-07,1,0,0,Rainy,25,22
2026-07-08,2,0,0,Rainy,25,46
2026-07-09,3,0,0,Rainy,24,10
2026-07-10,4,0,0,Rainy,24,10
2026-07-11,5,1,0,Clear,32,132
2026-07-12,6,1,0,Rainy,24,47
2026-07-13,0,0,0,Rainy,25,10
2026-07-14,1,0,0,Clear,29,81
2026-07-15,2,0,0,Rainy,24,16
2026-07-16,3,0,0,Clear,31,70
2026-07-17,4,0,0,Rainy,26,12
2026-07-18,5,1,0,Cloudy,28,116
2026-07-19,6,1,0,Rainy,24,79
2026-07-20,0,0,0,Cloudy,29,28
2026-07-21,1,0,0,Rainy,25,62
2026-07-22,2,0,0,Rainy,24,10
2026-07-23,3,0,0,Cloudy,28,21
2026-07-24,4,0,0,Rainy,25,36
2026-07-25,5,1,0,Rainy,25,98
2026-07-26,6,1,0,Rainy,24,102
2026-07-27,0,0,0,Rainy,25,10
2026-07-28,1,0,0,Cloudy,27,83
2026-07-29,2,0,1,Rainy,25,84
2026-07-30,3,0,0,Cloudy,27,35
2026-07-31,4,0,0,Clear,30,57
2026-08-01,5,1,0,Cloudy,28,134
